user_id,bank,transaction_amount,transaction_narration,transaction_date,transaction_type,transaction_type_name,transaction_mode,current_balance,month,year,day_of_week,day_of_month
1010101010,State Bank of India,78000.0,SALARY CREDIT - ABC TECHNOLOGIES - JULY 2024,2024-07-01,1,CREDIT,NEFT,245500.0,7,2024,0,1
1010101010,State Bank of India,18000.0,IMPS-RAKESH KUMAR-JULY RENT,2024-07-02,2,DEBIT,FT,227500.0,7,2024,1,2
1010101010,State Bank of India,5000.0,ACH D-NIPPONGOLDFUND-SIP/20240705/NGF54321,2024-07-05,6,INSTALLMENT,ACH,222500.0,7,2024,4,5
1010101010,State Bank of India,5000.0,AUTO DEBIT - RD INSTALLMENT A/C XXXXXX3344,2024-07-05,6,INSTALLMENT,ACH,217500.0,7,2024,4,5
1010101010,State Bank of India,12500.0,SBI CREDIT CARD-BILL PAYMENT-XXXXXXXX5511,2024-07-10,2,DEBIT,CARD_PAYMENT,205000.0,7,2024,2,10
1010101010,State Bank of India,8750.0,QTRLY INTEREST CREDIT ON FD A/C XXXXXX1122,2024-07-15,4,INTEREST,INTEREST,213750.0,7,2024,0,15
1010101010,State Bank of India,10000.0,IMPS-ZERODHA-FUNDS FOR HDFC GOLD ETF,2024-07-22,2,DEBIT,IMPS,203750.0,7,2024,0,22
1010101010,State Bank of India,1800.0,UPI-LOCAL GROCER-GROCERIES@SBI-SBIN0000001,2024-07-25,2,DEBIT,OTHERS,201950.0,7,2024,3,25
1010101010,State Bank of India,78000.0,SALARY CREDIT - ABC TECHNOLOGIES - JUNE 2024,2024-06-01,1,CREDIT,NEFT,260000.0,6,2024,5,1
1010101010,State Bank of India,18000.0,IMPS-RAKESH KUMAR-JUNE RENT,2024-06-02,2,DEBIT,FT,242000.0,6,2024,6,2
1010101010,State Bank of India,5000.0,ACH D-NIPPONGOLDFUND-SIP/20240605/NGF54321,2024-06-05,6,INSTALLMENT,ACH,237000.0,6,2024,2,5
1010101010,State Bank of India,5000.0,AUTO DEBIT - RD INSTALLMENT A/C XXXXXX3344,2024-06-05,6,INSTALLMENT,ACH,232000.0,6,2024,2,5
1010101010,State Bank of India,11800.0,SBI CREDIT CARD-BILL PAYMENT-XXXXXXXX5511,2024-06-10,2,DEBIT,CARD_PAYMENT,220200.0,6,2024,0,10
1010101010,State Bank of India,50000.0,TD BOOKING-TRANSFER TO FD A/C XXXXXX7788,2024-06-20,8,OTHERS,FT,170200.0,6,2024,3,20
1010101010,State Bank of India,1200.0,UPI-INDIAN OIL-IOCLPETROL@SBI-SBIN0000001-FUEL,2024-06-28,2,DEBIT,OTHERS,169000.0,6,2024,4,28
1212121212,Punjab National Bank,2500.0,UPI-MOM-9876543210@YBL-PAYMENT FROM MOM,2024-07-02,1,CREDIT,FT,16500.0,7,2024,1,2
1212121212,Punjab National Bank,150.0,UPI-RECHARGE-AIRTELPREPAID@AXIS-MOBILE RECHARGE,2024-07-04,2,DEBIT,OTHERS,16350.0,7,2024,3,4
1212121212,Punjab National Bank,280.0,UPI-SWIGGY-SWIGGY@YBL-FOOD ORDER,2024-07-07,2,DEBIT,OTHERS,16070.0,7,2024,6,7
1212121212,Punjab National Bank,1000.0,CASH WDL-P1A01234-PNB ATM-DELHI,2024-07-10,2,DEBIT,ATM,15070.0,7,2024,2,10
1212121212,Punjab National Bank,1500.0,IMPS-RAHUL-HELP,2024-07-15,1,CREDIT,FT,16570.0,7,2024,0,15
1212121212,Punjab National Bank,3000.0,UPI-PAYMENT RECEIVED-CLIENT WORK-REF88776,2024-07-20,1,CREDIT,OTHERS,19570.0,7,2024,5,20
1212121212,Punjab National Bank,850.0,UPI-SIMPL-SIMPL@AXISBANK-REPAYMENT,2024-07-25,2,DEBIT,CARD_PAYMENT,18720.0,7,2024,3,25
1212121212,Punjab National Bank,2000.0,BY CASH DEPOSIT-SELF-CDM,2024-06-03,1,CREDIT,CASH,9500.0,6,2024,0,3
1212121212,Punjab National Bank,5000.0,UPI-AMIT SHARMA-AMITSHARMA@OKICICI-JUNE RENT SHARE,2024-06-05,2,DEBIT,FT,4500.0,6,2024,2,5
1212121212,Punjab National Bank,3000.0,UPI-DAD-9988776655@PAYTM-FOR EXPENSES,2024-06-10,1,CREDIT,FT,7500.0,6,2024,0,10
1212121212,Punjab National Bank,310.0,UPI-ZOMATO-ZOMATO@YBL-LUNCH,2024-06-15,2,DEBIT,OTHERS,7190.0,6,2024,5,15
1212121212,Punjab National Bank,120.0,UPI-DMRC-METRO CARD RECHARGE@PAYTM,2024-06-22,2,DEBIT,OTHERS,7070.0,6,2024,5,22
1212121212,Punjab National Bank,500.0,CASH WDL-P1A05678-PNB ATM-DELHI,2024-06-28,2,DEBIT,ATM,6570.0,6,2024,4,28
1313131313,HDFC Bank,260000.0,SALARY CREDIT - BIGTECH CORP - JULY 2024,2024-07-01,1,CREDIT,NEFT,515000.0,7,2024,0,1
1313131313,HDFC Bank,45000.0,ACH D-HDFCHOMEFIN-HOME LOAN EMI-HL556677,2024-07-05,6,INSTALLMENT,ACH,470000.0,7,2024,4,5
1313131313,HDFC Bank,25000.0,IMPS-OAKRIDGE INTL SCHOOL-Q2 TUITION FEES,2024-07-05,2,DEBIT,IMPS,445000.0,7,2024,4,5
1313131313,HDFC Bank,20000.0,ACH D-HDFCMF-SIP/FLEXICAP/WG-45001,2024-07-07,6,INSTALLMENT,ACH,425000.0,7,2024,6,7
1313131313,HDFC Bank,15000.0,ACH D-NIPPONMF-SIP/SMALLCAP/WG-45002,2024-07-07,6,INSTALLMENT,ACH,410000.0,7,2024,6,7
1313131313,HDFC Bank,15000.0,ACH D-MOTILALMF-SIP/SP500FUND/WG-INTL1,2024-07-07,6,INSTALLMENT,ACH,395000.0,7,2024,6,7
1313131313,HDFC Bank,10000.0,ACH D-MIRAEASSETMF-SIP/TAXSAVER/WG-ELSS1,2024-07-07,6,INSTALLMENT,ACH,385000.0,7,2024,6,7
1313131313,HDFC Bank,65000.0,PAYMENT TO HDFC CREDIT CARD XXXXXXXX8888,2024-07-10,2,DEBIT,CARD_PAYMENT,320000.0,7,2024,2,10
1313131313,HDFC Bank,40000.0,PAYMENT TO AMEX CREDIT CARD XXXXXXXX9999,2024-07-11,2,DEBIT,CARD_PAYMENT,280000.0,7,2024,3,11
1313131313,HDFC Bank,850.0,UPI-UBER-PREMIUM RIDE-UBER@HDFCBANK,2024-07-15,2,DEBIT,OTHERS,279150.0,7,2024,0,15
1313131313,HDFC Bank,5500.0,UPI-OLIVE BAR & KITCHEN-DINING-OBK@ICICI,2024-07-20,2,DEBIT,OTHERS,273650.0,7,2024,5,20
1313131313,HDFC Bank,260000.0,SALARY CREDIT - BIGTECH CORP - JUNE 2024,2024-06-01,1,CREDIT,NEFT,495000.0,6,2024,5,1
1313131313,HDFC Bank,45000.0,ACH D-HDFCHOMEFIN-HOME LOAN EMI-HL556677,2024-06-05,6,INSTALLMENT,ACH,450000.0,6,2024,2,5
1313131313,HDFC Bank,20000.0,ACH D-HDFCMF-SIP/FLEXICAP/WG-45001,2024-06-07,6,INSTALLMENT,ACH,430000.0,6,2024,4,7
1313131313,HDFC Bank,15000.0,ACH D-NIPPONMF-SIP/SMALLCAP/WG-45002,2024-06-07,6,INSTALLMENT,ACH,415000.0,6,2024,4,7
1313131313,HDFC Bank,15000.0,ACH D-MOTILALMF-SIP/SP500FUND/WG-INTL1,2024-06-07,6,INSTALLMENT,ACH,400000.0,6,2024,4,7
1313131313,HDFC Bank,10000.0,ACH D-MIRAEASSETMF-SIP/TAXSAVER/WG-ELSS1,2024-06-07,6,INSTALLMENT,ACH,390000.0,6,2024,4,7
1313131313,HDFC Bank,72000.0,PAYMENT TO HDFC CREDIT CARD XXXXXXXX8888,2024-06-10,2,DEBIT,CARD_PAYMENT,318000.0,6,2024,0,10
1313131313,HDFC Bank,55000.0,PAYMENT TO AMEX CREDIT CARD XXXXXXXX9999,2024-06-11,2,DEBIT,CARD_PAYMENT,263000.0,6,2024,1,11
1313131313,HDFC Bank,50000.0,IMPS-ZERODHA-EQUITY FUNDING-REF12345,2024-06-18,2,DEBIT,IMPS,213000.0,6,2024,1,18
1313131313,HDFC Bank,1200.0,UPI-AMAZON-SHOPPING-AMAZONPAY@APL,2024-06-25,2,DEBIT,OTHERS,211800.0,6,2024,1,25
1313131313,HDFC Bank,2200.0,CREDIT INTEREST CAPITALISED,2024-06-30,4,INTEREST,INTEREST,214000.0,6,2024,6,30
1414141414,Kotak Mahindra Bank,80000.0,SALARY CREDIT - GLOBAL IT SOLUTIONS - JULY 2024,2024-07-01,1,CREDIT,NEFT,89500.0,7,2024,0,1
1414141414,Kotak Mahindra Bank,35000.0,ACH D-SBIN0001234-HOME LOAN EMI-HL1234,2024-07-05,6,INSTALLMENT,ACH,54500.0,7,2024,4,5
1414141414,Kotak Mahindra Bank,13500.0,ACH D-PUNB0005678-AUTO LOAN EMI-AL5678,2024-07-05,6,INSTALLMENT,ACH,41000.0,7,2024,4,5
1414141414,Kotak Mahindra Bank,3000.0,ACH D-TATACAP-CONSUMER LOAN EMI-CL9012,2024-07-07,6,INSTALLMENT,ACH,38000.0,7,2024,6,7
1414141414,Kotak Mahindra Bank,7000.0,BILLPAY-ICICI CREDIT CARD-XXXX1111-PARTIAL PMT,2024-07-10,2,DEBIT,CARD_PAYMENT,31000.0,7,2024,2,10
1414141414,Kotak Mahindra Bank,4800.0,BILLPAY-HDFC CREDIT CARD-XXXX2222-MIN DUE PMT,2024-07-11,2,DEBIT,CARD_PAYMENT,26200.0,7,2024,3,11
1414141414,Kotak Mahindra Bank,5000.0,BILLPAY-AMEX CREDIT CARD-XXXX3333-PAYMENT,2024-07-12,2,DEBIT,CARD_PAYMENT,21200.0,7,2024,4,12
1414141414,Kotak Mahindra Bank,450.0,UPI-ZOMATO-ZOMATO@YBL-FOOD ORDER,2024-07-15,2,DEBIT,OTHERS,20750.0,7,2024,0,15
1414141414,Kotak Mahindra Bank,1500.0,UPI-DMART-GROCERIES@KKBK,2024-07-20,2,DEBIT,OTHERS,19250.0,7,2024,5,20
1414141414,Kotak Mahindra Bank,2000.0,CASH WDL-KKBK ATM-MUMBAI,2024-07-25,2,DEBIT,ATM,17250.0,7,2024,3,25
1414141414,Kotak Mahindra Bank,80000.0,SALARY CREDIT - GLOBAL IT SOLUTIONS - JUNE 2024,2024-06-01,1,CREDIT,NEFT,82100.0,6,2024,5,1
1414141414,Kotak Mahindra Bank,35000.0,ACH D-SBIN0001234-HOME LOAN EMI-HL1234,2024-06-05,6,INSTALLMENT,ACH,47100.0,6,2024,2,5
1414141414,Kotak Mahindra Bank,13500.0,ACH D-PUNB0005678-AUTO LOAN EMI-AL5678,2024-06-05,6,INSTALLMENT,ACH,33600.0,6,2024,2,5
1414141414,Kotak Mahindra Bank,3000.0,ACH D-TATACAP-CONSUMER LOAN EMI-CL9012,2024-06-07,6,INSTALLMENT,ACH,30600.0,6,2024,4,7
1414141414,Kotak Mahindra Bank,6500.0,IMPS-ICICI CARD PAYMENT-XXXX1111,2024-06-10,2,DEBIT,CARD_PAYMENT,24100.0,6,2024,0,10
1414141414,Kotak Mahindra Bank,5000.0,IMPS-HDFC CARD PAYMENT-XXXX2222,2024-06-11,2,DEBIT,CARD_PAYMENT,19100.0,6,2024,1,11
1414141414,Kotak Mahindra Bank,5000.0,IMPS-AMEX CARD PAYMENT-XXXX3333,2024-06-12,2,DEBIT,CARD_PAYMENT,14100.0,6,2024,2,12
1414141414,Kotak Mahindra Bank,320.0,UPI-UBER-UBERRIDES@HDFCBANK-RIDE,2024-06-18,2,DEBIT,OTHERS,13780.0,6,2024,1,18
1414141414,Kotak Mahindra Bank,1100.0,UPI-LOCAL GROCER-STORE@PAYTM-DAILY NEEDS,2024-06-26,2,DEBIT,OTHERS,12680.0,6,2024,2,26
2020202020,Kotak Mahindra Bank,25000.0,NEFT CR-CLIENT ABC-JULY CONSULTING FEE,2024-07-01,1,CREDIT,NEFT,40000.0,7,2024,0,1
2020202020,Kotak Mahindra Bank,11600.0,ACH D-HDFCBANK-AUTO LOAN EMI-AL-XXXX,2024-07-05,6,INSTALLMENT,ACH,28400.0,7,2024,4,5
2020202020,Kotak Mahindra Bank,8500.0,BILLPAY-SBI CREDIT CARD-XXXX1001,2024-07-10,2,DEBIT,CARD_PAYMENT,19900.0,7,2024,2,10
2020202020,Kotak Mahindra Bank,450.0,UPI-SWIGGY-SWIGGY@YBL-FOOD,2024-07-18,2,DEBIT,OTHERS,19450.0,7,2024,3,18
2020202020,Kotak Mahindra Bank,550000.0,LOAN DISBURSAL - HDFC BANK - AUTO LOAN,2024-05-15,1,CREDIT,NEFT,575000.0,5,2024,2,15
2020202020,Kotak Mahindra Bank,545000.0,RTGS-POPULAR MOTORS-CAR PURCHASE-REF12345,2024-05-16,2,DEBIT,FT,30000.0,5,2024,3,16
2020202020,Kotak Mahindra Bank,11600.0,ACH D-HDFCBANK-AUTO LOAN EMI-AL-XXXX,2024-06-05,6,INSTALLMENT,ACH,18400.0,6,2024,2,5
2020202020,Kotak Mahindra Bank,20000.0,IMPS-FREELANCE PROJECT PAYMENT-REFXYZ,2024-06-10,1,CREDIT,FT,38400.0,6,2024,0,10
2020202020,Kotak Mahindra Bank,5000.0,BILLPAY-ICICI CREDIT CARD-XXXX2002,2024-06-12,2,DEBIT,CARD_PAYMENT,33400.0,6,2024,2,12
2020202020,Kotak Mahindra Bank,1200.0,UPI-AMAZON-SHOPPING-AMAZONPAY@APL,2024-06-22,2,DEBIT,OTHERS,32200.0,6,2024,5,22
2121212121,IDFC First Bank,300000.0,SALARY CREDIT - GLOBAL TECH INC - JULY 2024,2024-07-01,1,CREDIT,NEFT,545000.0,7,2024,0,1
2121212121,IDFC First Bank,25000.0,IMPS-MR. VERMA-JULY RENT,2024-07-02,2,DEBIT,FT,520000.0,7,2024,1,2
2121212121,IDFC First Bank,30000.0,ACH D-PPFASMF-SIP/FIRE-001,2024-07-05,6,INSTALLMENT,ACH,490000.0,7,2024,4,5
2121212121,IDFC First Bank,25000.0,ACH D-NIPPONMF-SIP/FIRE-002,2024-07-05,6,INSTALLMENT,ACH,465000.0,7,2024,4,5
2121212121,IDFC First Bank,15000.0,ACH D-MOTILALMF-SIP/FIRE-INTL1,2024-07-05,6,INSTALLMENT,ACH,450000.0,7,2024,4,5
2121212121,IDFC First Bank,12500.0,ACH D-MIRAEMF-SIP/FIRE-TAX1,2024-07-05,6,INSTALLMENT,ACH,437500.0,7,2024,4,5
2121212121,IDFC First Bank,15000.0,BILLPAY-NPS CONTRIBUTION-TIER1,2024-07-08,8,OTHERS,BILLPAY,422500.0,7,2024,0,8
2121212121,IDFC First Bank,50000.0,IMPS-ZERODHA-EQUITY FUNDING-FIREDP,2024-07-09,2,DEBIT,IMPS,372500.0,7,2024,1,9
2121212121,IDFC First Bank,22500.0,PAYMENT TO HDFC CREDIT CARD XXXXXXXXFIRE,2024-07-10,2,DEBIT,CARD_PAYMENT,350000.0,7,2024,2,10
2121212121,IDFC First Bank,3500.0,UPI-DMART-GROCERIES@IDFC,2024-07-15,2,DEBIT,OTHERS,346500.0,7,2024,0,15
2121212121,IDFC First Bank,300000.0,SALARY CREDIT - GLOBAL TECH INC - JUNE 2024,2024-06-01,1,CREDIT,NEFT,530000.0,6,2024,5,1
2121212121,IDFC First Bank,25000.0,IMPS-MR. VERMA-JUNE RENT,2024-06-02,2,DEBIT,FT,505000.0,6,2024,6,2
2121212121,IDFC First Bank,30000.0,ACH D-PPFASMF-SIP/FIRE-001,2024-06-05,6,INSTALLMENT,ACH,475000.0,6,2024,2,5
2121212121,IDFC First Bank,25000.0,ACH D-NIPPONMF-SIP/FIRE-002,2024-06-05,6,INSTALLMENT,ACH,450000.0,6,2024,2,5
2121212121,IDFC First Bank,15000.0,ACH D-MOTILALMF-SIP/FIRE-INTL1,2024-06-05,6,INSTALLMENT,ACH,435000.0,6,2024,2,5
2121212121,IDFC First Bank,12500.0,ACH D-MIRAEMF-SIP/FIRE-TAX1,2024-06-05,6,INSTALLMENT,ACH,422500.0,6,2024,2,5
2121212121,IDFC First Bank,15000.0,BILLPAY-NPS CONTRIBUTION-TIER1,2024-06-08,8,OTHERS,BILLPAY,407500.0,6,2024,5,8
2121212121,IDFC First Bank,50000.0,IMPS-ZERODHA-EQUITY FUNDING-FIREDP,2024-06-09,2,DEBIT,IMPS,357500.0,6,2024,6,9
2121212121,IDFC First Bank,24000.0,PAYMENT TO HDFC CREDIT CARD XXXXXXXXFIRE,2024-06-10,2,DEBIT,CARD_PAYMENT,333500.0,6,2024,0,10
2121212121,IDFC First Bank,1200.0,UPI-BBNL-INTERNET BILL-BBNL@IDFC,2024-06-20,2,DEBIT,OTHERS,332300.0,6,2024,3,20
2222222222,HDFC Bank,80085.0,UPI-SHEETAL RAVINDRA DA-SHEETAL.DAMBAL@OKSBI-SBIN0010411-109209224698-SUFYAN,2025-07-09,1,CREDIT,CARD_PAYMENT,-79109.0,7,2025,2,9
2222222222,HDFC Bank,80677.0,UPI-DREAMPLUG TECHNOLOGI-CRED@AXISB-UTIB0000114-009400589368-CREDIT CARD BILL P,2025-07-09,2,DEBIT,FT,1568.0,7,2025,2,9
2222222222,HDFC Bank,80267.0,UPI-RAVISHANKAR-Q78015288@YBL-YESB0YBLUPI-123535728297-PAYMENT FROM PHONE,2025-07-09,1,CREDIT,OTHERS,-79180.0,7,2025,2,9
2222222222,HDFC Bank,80156.0,UPI-HARDIK  AGRAWAL-9971488189.NIYO@IDFCBANK-IDFB0040101-031108651605-UPI,2025-07-09,2,DEBIT,OTHERS,976.0,7,2025,2,9
2222222222,HDFC Bank,80565.0,UPI-UBER INDIA SYSTEMS P-UBERRIDES@HDFCBANK-HDFC0000499-105117853141-CHARGE,2025-07-09,2,DEBIT,OTHERS,1087.0,7,2025,2,9
2222222222,HDFC Bank,80016.0,UPI-ABDESH KUMAR YADAV-PAYTMQR28100505010117UM15XIYV9E@PAYTM-PYTM0123456-120209292799-PAYMENT FROM PHONE,2025-07-09,1,CREDIT,CASH,-79478.0,7,2025,2,9
2222222222,HDFC Bank,80768.0,CREDIT INTEREST CAPITALISED,2025-07-09,2,DEBIT,OTHERS,538.0,7,2025,2,9
2222222222,HDFC Bank,80287.0,UPI-TREND AUTOMOBILES-105302393@CNRB-CNRB0001074-035222057565-PAYMENT FROM PHONE,2025-07-09,1,CREDIT,CASH,-80230.0,7,2025,2,9
2222222222,HDFC Bank,80083.0,UPI-MAHESH S-Q60573690@YBL-KKBK0008043-104558209248-PAYMENT FROM PHONE,2025-07-09,2,DEBIT,ATM,57.0,7,2025,2,9
2222222222,HDFC Bank,80984.0,UPI-SWIGGY-SWIGGY8@YBL-YESB0YBLUPI-101057836776-PAYMENT FROM PHONE,2025-07-09,1,CREDIT,CASH,-80026.0,7,2025,2,9
2222222222,HDFC Bank,80994.0,50200015847022SALAUG 20 108621,2025-07-07,1,CREDIT,CARD_PAYMENT,-75247.0,7,2025,0,7
2222222222,HDFC Bank,80741.0,IMPS-018422244664-ADITYA BIRLA SUN LIF-HDFC-XXXXXXXX3578-RD3192534-1038644104,2025-07-07,2,DEBIT,CASH,5494.0,7,2025,0,7
2222222222,HDFC Bank,80326.0,UPI-CRED-CRED@AXISB-UTIB0000114-103219881988-CREDIT CARD BILL P,2025-07-07,1,CREDIT,CASH,-75231.0,7,2025,0,7
2222222222,HDFC Bank,80978.0,UPI-PARSURAMPURAM SRINIV-6370242870@YBL-ORBC0101157-031627719147-PAYMENT FROM PHONE,2025-07-07,2,DEBIT,CARD_PAYMENT,5747.0,7,2025,0,7
2222222222,HDFC Bank,80769.0,UPI-DREAMPLUG TECHNOLOGI-CRED@AXISB-UTIB0000114-023113790606-CREDIT CARD BILL P,2025-07-07,1,CREDIT,CASH,-75437.0,7,2025,0,7
2222222222,HDFC Bank,80532.0,UPI-PINTU GUPTA-PAYTMQR281005050101LK22YFGX0QRX@PAYTM-PYTM0123456-127404613871-PAYMENT FROM PHONE,2025-07-07,2,DEBIT,CARD_PAYMENT,5095.0,7,2025,0,7
2222222222,HDFC Bank,80278.0,NWD-438624XXXXXX3427-08887405-BANGALORE MET,2025-07-07,1,CREDIT,FT,-75138.0,7,2025,0,7
2222222222,HDFC Bank,80470.0,UPI-EURONETGPAY-EURONETGPAY.PAY@ICICI-ICIC0000001-035512416953-UPI,2025-07-07,2,DEBIT,ATM,5332.0,7,2025,0,7
2222222222,HDFC Bank,80806.0,CREDIT INTEREST CAPITALISED,2025-07-07,1,CREDIT,FT,-75648.0,7,2025,0,7
2222222222,HDFC Bank,80788.0,UPI-MD JAHANGIR-BHARATPE09892849123@YESBANKLTD-YESB0000105-102038302659-PAYMENT FROM PHONE,2025-07-07,2,DEBIT,CARD_PAYMENT,5140.0,7,2025,0,7
2222222222,HDFC Bank,80072.0,UPI-MR MOHAMMED ZAHEERUL-8884442498@YBL-IDIB000B041-118513918994-PAYMENT FROM PHONE,2025-07-09,2,DEBIT,ATM,3676.0,7,2025,2,9
2222222222,HDFC Bank,80558.0,UPI-SWIGGY-SWIGGY8@YBL-YESB0YBLUPI-104264587845-PAYMENT FROM PHONE,2025-07-09,1,CREDIT,OTHERS,-76396.0,7,2025,2,9
2222222222,HDFC Bank,80408.0,UPI-ACT BROADBAND-PAYTM-ACTBAN4@PAYTM-PYTM0123456-016839849023-PAYMENT FOR SUBSCR,2025-07-09,2,DEBIT,CARD_PAYMENT,4162.0,7,2025,2,9
2222222222,HDFC Bank,80415.0,UPI-CRED-CRED@AXISB-UTIB0000114-030309272514-CREDIT CARD BILL P,2025-07-09,1,CREDIT,CARD_PAYMENT,-76246.0,7,2025,2,9
2222222222,HDFC Bank,80273.0,UPI-SATYA NARAYAN BEHER-8328853083@YBL-SBIN0002112-126364354416-PAYMENT FROM PHONE,2025-07-09,2,DEBIT,CARD_PAYMENT,4169.0,7,2025,2,9
2222222222,HDFC Bank,80631.0,CHQ PAID-MICR CTS-NO-SR POST MASTER  HPO,2025-07-09,1,CREDIT,ATM,-76104.0,7,2025,2,9
2222222222,HDFC Bank,80545.0,UPI-SRI BRAHMALINGESHWAR-PAYTMQR28100505010113CV8CXTZUHG@PAYTM-PYTM0123456-033363246388-PAYMENT FROM PHONE,2025-07-09,2,DEBIT,FT,4527.0,7,2025,2,9
2222222222,HDFC Bank,80870.0,UPI-BHARATPEMERCHANT-BHARATPE.0850487682@ICICI-ICIC0000001-031703603873-PAYMENT FROM PHONE,2025-07-09,1,CREDIT,OTHERS,-76018.0,7,2025,2,9
2222222222,HDFC Bank,80208.0,UPI-CRED-CRED@AXISB-UTIB0000114-112115658127-PAYMENT ON CRED,2025-07-09,2,DEBIT,CARD_PAYMENT,4852.0,7,2025,2,9
2222222222,HDFC Bank,80581.0,UPI-SIDDHANT KUMAR-SIDDHANTKUMAR171@DBS-DBSS0IN0811-101012491647-AMAZON NORD PAYMEN,2025-07-09,1,CREDIT,ATM,-75356.0,7,2025,2,9
2222222222,HDFC Bank,80203.0,UPI-DREAMPLUG TECHNOLOGI-CRED@AXISB-UTIB0000114-027200895296-CREDIT CARD BILL P,2025-07-07,1,CREDIT,OTHERS,-74684.0,7,2025,0,7
2222222222,HDFC Bank,80547.0,UPI-ACT BROADBAND-PAYTM-ACTBAN4@PAYTM-PYTM0123456-016839849023-PAYMENT FOR SUBSCR,2025-07-07,2,DEBIT,OTHERS,5863.0,7,2025,0,7
2222222222,HDFC Bank,80935.0,SALARY FROM MEDISYNC HEALTH MANAGEMENT SERVICES P L,2025-07-07,1,CREDIT,OTHERS,-75168.0,7,2025,0,7
2222222222,HDFC Bank,80687.0,UPI-SANJAY AGRAWAL-SANJAY30AGRAWAL@OKICICI-ICIC0000274-100922596493-TRANSFER,2025-07-07,2,DEBIT,CASH,5519.0,7,2025,0,7
2222222222,HDFC Bank,80304.0,NEFT CR-CITI0100000-FTMF REDEMPTION ACCOUNT-PRATEEK PATNAIK-CITIN20100690483,2025-07-07,2,DEBIT,CARD_PAYMENT,5767.0,7,2025,0,7
2222222222,HDFC Bank,80713.0,UPI-SWIGGY-SWIGGY8@YBL-YESB0YBLUPI-101783205806-PAYMENT FROM PHONE,2025-07-07,1,CREDIT,OTHERS,-74537.0,7,2025,0,7
2222222222,HDFC Bank,80572.0,UPI-PHONEPE-BILLDESKPP@YBL-YESB0YBLUPI-104831200709-PAYMENT FROM PHONE,2025-07-07,1,CREDIT,CASH,-74676.0,7,2025,0,7
2222222222,HDFC Bank,80852.0,UPI-CRED-CREDCC@YESBANK-YESB0000022-018492205316-CREDIT CARD BILL P,2025-07-07,2,DEBIT,FT,6176.0,7,2025,0,7
2222222222,HDFC Bank,80538.0,UPI-PRADIP KUMAR -PADDI6877@OKHDFCBANK-SBIN0040171-122195037544-UPI,2025-07-07,2,DEBIT,OTHERS,5896.0,7,2025,0,7
2222222222,HDFC Bank,80448.0,INST-ALERT CHG INC GST OCT-DEC2020-MIR2101402042013,2025-07-07,1,CREDIT,CARD_PAYMENT,-74642.0,7,2025,0,7
2222222222,HDFC Bank,80559.0,UPI-AISHWARYA MINI MART-Q36365093@YBL-YESB0YBLUPI-104642349580-PAYMENT FROM PHONE,2025-07-09,1,CREDIT,OTHERS,-77324.0,7,2025,2,9
2222222222,HDFC Bank,80805.0,ACH C- TCS1STINTDIV310720-C2003055611208,2025-07-09,2,DEBIT,ATM,3481.0,7,2025,2,9
2222222222,HDFC Bank,80050.0,UPI-DUNZO DIGITAL PRIVAT-DUNZO1.PAYU@INDUS-INDB0002201-104767620300-PAYMENT FROM PHONE,2025-07-09,1,CREDIT,CARD_PAYMENT,-77614.0,7,2025,2,9
2222222222,HDFC Bank,80849.0,UPI-PHONEPE-BILLDESKPP@YBL-YESB0YBLUPI-022533819900-PAYMENT FOR CATEGO,2025-07-09,2,DEBIT,FT,3235.0,7,2025,2,9
2222222222,HDFC Bank,80309.0,UPI-SANJAY AGRAWAL-SANJAY30AGRAWAL@OKICICI-ICIC0000274-100922596493-TRANSFER,2025-07-09,2,DEBIT,CARD_PAYMENT,2436.0,7,2025,2,9
2222222222,HDFC Bank,80037.0,UPI-SAFE GOLD-SAFEGOLD@YBL-YESB0YBLUPI-016220690358-PAYMENT FOR CATEGO,2025-07-09,1,CREDIT,CARD_PAYMENT,-77873.0,7,2025,2,9
2222222222,HDFC Bank,80941.0,UPI-DIVYA DAS-DIVYADAS91@OKHDFCBANK-HDFC0002777-016519304334-UPI,2025-07-09,2,DEBIT,OTHERS,2164.0,7,2025,2,9
2222222222,HDFC Bank,80824.0,UPI-SUDHANVA MADHURAO RA-7760615177@YBL-HDFC0000877-019884154921-PAYMENT FROM PHONE,2025-07-09,1,CREDIT,CARD_PAYMENT,-78777.0,7,2025,2,9
2222222222,HDFC Bank,80632.0,UPI-OLA-OLAONLINE@YBL-YESB0YBLUPI-105086855192-PAYMENT FROM PHONE,2025-07-09,1,CREDIT,CARD_PAYMENT,-78244.0,7,2025,2,9
2222222222,HDFC Bank,80291.0,UPI-SWIGGY-SWIGGY8@YBL-YESB0YBLUPI-104139133337-PAYMENT FROM PHONE,2025-07-09,2,DEBIT,CARD_PAYMENT,2047.0,7,2025,2,9
2222222222,HDFC Bank,80135.0,UPI-MR PRATEEK PATNAIK-PATNAIK.PRATEEK@YBL-IDIB000S176-033939878475-PAYMENT FROM PHONE,2025-07-07,2,DEBIT,ATM,9964.0,7,2025,0,7
2222222222,HDFC Bank,80544.0,UPI-DREAMPLUG TECHNOLOGI-CRED@AXISB-UTIB0000114-012016383521-CREDIT CARD BILL P,2025-07-07,1,CREDIT,CARD_PAYMENT,-70171.0,7,2025,0,7
2222222222,HDFC Bank,80939.0,UPI-DREAMPLUG TECHNOLOGI-CRED@AXISB-UTIB0000114-009400741981-CREDIT CARD BILL P,2025-07-07,2,DEBIT,CASH,10373.0,7,2025,0,7
2222222222,HDFC Bank,80652.0,UPI-SUMAN  SWAROOP-SUMANSWAR12@OKSBI-SBIN0006652-006006641672-PETROL,2025-07-07,1,CREDIT,CARD_PAYMENT,-70566.0,7,2025,0,7
2222222222,HDFC Bank,80657.0,UPI-GIRRAJ MEDICAL STORE-PAYTMQR28100505010111A10BLF7BGA@PAYTM-PYTM0123456-033319425613-UPI,2025-07-07,2,DEBIT,CARD_PAYMENT,10086.0,7,2025,0,7
2222222222,HDFC Bank,80772.0,UPI-SPORTA TECHNOLOGIES -FANCODE.PAYU@INDUS-INDB0002201-036509119466-UPI TRANSACTION,2025-07-07,1,CREDIT,CASH,-70571.0,7,2025,0,7
2222222222,HDFC Bank,80260.0,UPI-HARDIK  AGRAWAL-HARDIK0406AGRAWAL@OKSBI-SBIN0030261-028317839465-SAVINGS,2025-07-07,1,CREDIT,FT,-69933.0,7,2025,0,7
2222222222,HDFC Bank,80134.0,UPI-SHANTI MANTRI-9652458674@YBL-SBIN0020380-101654249219-PAYMENT FROM PHONE,2025-07-07,2,DEBIT,CASH,10201.0,7,2025,0,7
2222222222,HDFC Bank,80776.0,UPI-FX MART PRIVATE LIMI-FXM@YBL-YESB0YBLUPI-010720599609-WALLET TOPUP,2025-07-07,2,DEBIT,CARD_PAYMENT,10327.0,7,2025,0,7
2222222222,HDFC Bank,80163.0,UPI-RAMA SUDHAKAR PATNAI-9414077884@YBL-SBIN0020702-104321119119-PAYMENT FROM PHONE,2025-07-07,1,CREDIT,ATM,-70449.0,7,2025,0,7
2525252525,HDFC Bank,18000.0,STIPEND CREDIT - JULY 2024 - ACME INTERNSHIP,2024-07-05,1,CREDIT,NEFT,19500.0,7,2024,4,5
2525252525,HDFC Bank,1000.0,ACH D-ICICIPRUMF-SIP/9988770011,2024-07-10,6,INSTALLMENT,ACH,18500.0,7,2024,2,10
2525252525,HDFC Bank,1500.0,BILLPAY-HDFC CREDIT CARD-XXXX-FULL PAYMENT,2024-07-12,2,DEBIT,CARD_PAYMENT,17000.0,7,2024,4,12
2525252525,HDFC Bank,350.0,UPI-ZOMATO-ZOMATO@YBL-LUNCH,2024-07-15,2,DEBIT,OTHERS,16650.0,7,2024,0,15
2525252525,HDFC Bank,500.0,ACH D-PARAGPARIKHMF-SIP/8877665544,2024-07-20,6,INSTALLMENT,ACH,16150.0,7,2024,5,20
2525252525,HDFC Bank,250.0,UPI-UBER-RIDE-UBER@HDFCBANK,2024-07-22,2,DEBIT,OTHERS,15900.0,7,2024,0,22
2525252525,HDFC Bank,450.0,UPI-AMAZON-AMAZONPAY@APL-BOOK ORDER,2024-07-28,2,DEBIT,OTHERS,15450.0,7,2024,6,28
2525252525,HDFC Bank,15000.0,IMPS-DAD-POCKET MONEY JUNE,2024-06-02,1,CREDIT,FT,16200.0,6,2024,6,2
2525252525,HDFC Bank,1000.0,ACH D-ICICIPRUMF-SIP/9988770011,2024-06-10,6,INSTALLMENT,ACH,15200.0,6,2024,0,10
2525252525,HDFC Bank,1200.0,BILLPAY-HDFC CREDIT CARD-XXXX-FULL PAYMENT,2024-06-12,2,DEBIT,CARD_PAYMENT,14000.0,6,2024,2,12
2525252525,HDFC Bank,299.0,UPI-RECHARGE-AIRTELPREPAID@AXIS,2024-06-18,2,DEBIT,OTHERS,13701.0,6,2024,1,18
2525252525,HDFC Bank,500.0,ACH D-PARAGPARIKHMF-SIP/8877665544,2024-06-20,6,INSTALLMENT,ACH,13201.0,6,2024,3,20
2525252525,HDFC Bank,410.0,UPI-SWIGGY-SWIGGY@YBL-DINNER,2024-06-25,2,DEBIT,OTHERS,12791.0,6,2024,1,25
2525252525,HDFC Bank,180.0,UPI-CAFE COFFEE DAY-COFFEE@PAYTM,2024-06-29,2,DEBIT,OTHERS,12611.0,6,2024,5,29
3333333333,HDFC Bank,80559.0,UPI-AISHWARYA MINI MART-Q36365093@YBL-YESB0YBLUPI-104642349580-PAYMENT FROM PHONE,2025-07-09,1,CREDIT,OTHERS,-77324.0,7,2025,2,9
3333333333,HDFC Bank,80805.0,ACH C- TCS1STINTDIV310720-C2003055611208,2025-07-09,2,DEBIT,ATM,3481.0,7,2025,2,9
3333333333,HDFC Bank,80050.0,UPI-DUNZO DIGITAL PRIVAT-DUNZO1.PAYU@INDUS-INDB0002201-104767620300-PAYMENT FROM PHONE,2025-07-09,1,CREDIT,CARD_PAYMENT,-77614.0,7,2025,2,9
3333333333,HDFC Bank,80849.0,UPI-PHONEPE-BILLDESKPP@YBL-YESB0YBLUPI-022533819900-PAYMENT FOR CATEGO,2025-07-09,2,DEBIT,FT,3235.0,7,2025,2,9
3333333333,HDFC Bank,80309.0,UPI-SANJAY AGRAWAL-SANJAY30AGRAWAL@OKICICI-ICIC0000274-100922596493-TRANSFER,2025-07-09,2,DEBIT,CARD_PAYMENT,2436.0,7,2025,2,9
3333333333,HDFC Bank,80037.0,UPI-SAFE GOLD-SAFEGOLD@YBL-YESB0YBLUPI-016220690358-PAYMENT FOR CATEGO,2025-07-09,1,CREDIT,CARD_PAYMENT,-77873.0,7,2025,2,9
3333333333,HDFC Bank,80941.0,UPI-DIVYA DAS-DIVYADAS91@OKHDFCBANK-HDFC0002777-016519304334-UPI,2025-07-09,2,DEBIT,OTHERS,2164.0,7,2025,2,9
3333333333,HDFC Bank,80824.0,UPI-SUDHANVA MADHURAO RA-7760615177@YBL-HDFC0000877-019884154921-PAYMENT FROM PHONE,2025-07-09,1,CREDIT,CARD_PAYMENT,-78777.0,7,2025,2,9
3333333333,HDFC Bank,80291.0,UPI-SWIGGY-SWIGGY8@YBL-YESB0YBLUPI-104139133337-PAYMENT FROM PHONE,2025-07-09,2,DEBIT,CARD_PAYMENT,2047.0,7,2025,2,9
3333333333,HDFC Bank,80632.0,UPI-OLA-OLAONLINE@YBL-YESB0YBLUPI-105086855192-PAYMENT FROM PHONE,2025-07-09,1,CREDIT,CARD_PAYMENT,-78244.0,7,2025,2,9
3333333333,HDFC Bank,80544.0,UPI-DREAMPLUG TECHNOLOGI-CRED@AXISB-UTIB0000114-012016383521-CREDIT CARD BILL P,2025-07-07,1,CREDIT,CARD_PAYMENT,-70171.0,7,2025,0,7
3333333333,HDFC Bank,80135.0,UPI-MR PRATEEK PATNAIK-PATNAIK.PRATEEK@YBL-IDIB000S176-033939878475-PAYMENT FROM PHONE,2025-07-07,2,DEBIT,ATM,9964.0,7,2025,0,7
3333333333,HDFC Bank,80652.0,UPI-SUMAN  SWAROOP-SUMANSWAR12@OKSBI-SBIN0006652-006006641672-PETROL,2025-07-07,1,CREDIT,CARD_PAYMENT,-70566.0,7,2025,0,7
3333333333,HDFC Bank,80939.0,UPI-DREAMPLUG TECHNOLOGI-CRED@AXISB-UTIB0000114-009400741981-CREDIT CARD BILL P,2025-07-07,2,DEBIT,CASH,10373.0,7,2025,0,7
3333333333,HDFC Bank,80772.0,UPI-SPORTA TECHNOLOGIES -FANCODE.PAYU@INDUS-INDB0002201-036509119466-UPI TRANSACTION,2025-07-07,1,CREDIT,CASH,-70571.0,7,2025,0,7
3333333333,HDFC Bank,80657.0,UPI-GIRRAJ MEDICAL STORE-PAYTMQR28100505010111A10BLF7BGA@PAYTM-PYTM0123456-033319425613-UPI,2025-07-07,2,DEBIT,CARD_PAYMENT,10086.0,7,2025,0,7
3333333333,HDFC Bank,80260.0,UPI-HARDIK  AGRAWAL-HARDIK0406AGRAWAL@OKSBI-SBIN0030261-028317839465-SAVINGS,2025-07-07,1,CREDIT,FT,-69933.0,7,2025,0,7
3333333333,HDFC Bank,80134.0,UPI-SHANTI MANTRI-9652458674@YBL-SBIN0020380-101654249219-PAYMENT FROM PHONE,2025-07-07,2,DEBIT,CASH,10201.0,7,2025,0,7
3333333333,HDFC Bank,80163.0,UPI-RAMA SUDHAKAR PATNAI-9414077884@YBL-SBIN0020702-104321119119-PAYMENT FROM PHONE,2025-07-07,1,CREDIT,ATM,-70449.0,7,2025,0,7
3333333333,HDFC Bank,80776.0,UPI-FX MART PRIVATE LIMI-FXM@YBL-YESB0YBLUPI-010720599609-WALLET TOPUP,2025-07-07,2,DEBIT,CARD_PAYMENT,10327.0,7,2025,0,7
3333333333,HDFC Bank,80072.0,UPI-MR MOHAMMED ZAHEERUL-8884442498@YBL-IDIB000B041-118513918994-PAYMENT FROM PHONE,2025-07-09,2,DEBIT,ATM,3676.0,7,2025,2,9
3333333333,HDFC Bank,80558.0,UPI-SWIGGY-SWIGGY8@YBL-YESB0YBLUPI-104264587845-PAYMENT FROM PHONE,2025-07-09,1,CREDIT,OTHERS,-76396.0,7,2025,2,9
3333333333,HDFC Bank,80408.0,UPI-ACT BROADBAND-PAYTM-ACTBAN4@PAYTM-PYTM0123456-016839849023-PAYMENT FOR SUBSCR,2025-07-09,2,DEBIT,CARD_PAYMENT,4162.0,7,2025,2,9
3333333333,HDFC Bank,80415.0,UPI-CRED-CRED@AXISB-UTIB0000114-030309272514-CREDIT CARD BILL P,2025-07-09,1,CREDIT,CARD_PAYMENT,-76246.0,7,2025,2,9
3333333333,HDFC Bank,80273.0,UPI-SATYA NARAYAN BEHER-8328853083@YBL-SBIN0002112-126364354416-PAYMENT FROM PHONE,2025-07-09,2,DEBIT,CARD_PAYMENT,4169.0,7,2025,2,9
3333333333,HDFC Bank,80631.0,CHQ PAID-MICR CTS-NO-SR POST MASTER  HPO,2025-07-09,1,CREDIT,ATM,-76104.0,7,2025,2,9
3333333333,HDFC Bank,80545.0,UPI-SRI BRAHMALINGESHWAR-PAYTMQR28100505010113CV8CXTZUHG@PAYTM-PYTM0123456-033363246388-PAYMENT FROM PHONE,2025-07-09,2,DEBIT,FT,4527.0,7,2025,2,9
3333333333,HDFC Bank,80870.0,UPI-BHARATPEMERCHANT-BHARATPE.0850487682@ICICI-ICIC0000001-031703603873-PAYMENT FROM PHONE,2025-07-09,1,CREDIT,OTHERS,-76018.0,7,2025,2,9
3333333333,HDFC Bank,80208.0,UPI-CRED-CRED@AXISB-UTIB0000114-112115658127-PAYMENT ON CRED,2025-07-09,2,DEBIT,CARD_PAYMENT,4852.0,7,2025,2,9
3333333333,HDFC Bank,80581.0,UPI-SIDDHANT KUMAR-SIDDHANTKUMAR171@DBS-DBSS0IN0811-101012491647-AMAZON NORD PAYMEN,2025-07-09,1,CREDIT,ATM,-75356.0,7,2025,2,9
3333333333,HDFC Bank,80203.0,UPI-DREAMPLUG TECHNOLOGI-CRED@AXISB-UTIB0000114-027200895296-CREDIT CARD BILL P,2025-07-07,1,CREDIT,OTHERS,-74684.0,7,2025,0,7
3333333333,HDFC Bank,80547.0,UPI-ACT BROADBAND-PAYTM-ACTBAN4@PAYTM-PYTM0123456-016839849023-PAYMENT FOR SUBSCR,2025-07-07,2,DEBIT,OTHERS,5863.0,7,2025,0,7
3333333333,HDFC Bank,80935.0,SALARY FROM MEDISYNC HEALTH MANAGEMENT SERVICES P L,2025-07-07,1,CREDIT,OTHERS,-75168.0,7,2025,0,7
3333333333,HDFC Bank,80687.0,UPI-SANJAY AGRAWAL-SANJAY30AGRAWAL@OKICICI-ICIC0000274-100922596493-TRANSFER,2025-07-07,2,DEBIT,CASH,5519.0,7,2025,0,7
3333333333,HDFC Bank,80304.0,NEFT CR-CITI0100000-FTMF REDEMPTION ACCOUNT-PRATEEK PATNAIK-CITIN20100690483,2025-07-07,2,DEBIT,CARD_PAYMENT,5767.0,7,2025,0,7
3333333333,HDFC Bank,80713.0,UPI-SWIGGY-SWIGGY8@YBL-YESB0YBLUPI-101783205806-PAYMENT FROM PHONE,2025-07-07,1,CREDIT,OTHERS,-74537.0,7,2025,0,7
3333333333,HDFC Bank,80572.0,UPI-PHONEPE-BILLDESKPP@YBL-YESB0YBLUPI-104831200709-PAYMENT FROM PHONE,2025-07-07,1,CREDIT,CASH,-74676.0,7,2025,0,7
3333333333,HDFC Bank,80852.0,UPI-CRED-CREDCC@YESBANK-YESB0000022-018492205316-CREDIT CARD BILL P,2025-07-07,2,DEBIT,FT,6176.0,7,2025,0,7
3333333333,HDFC Bank,80538.0,UPI-PRADIP KUMAR -PADDI6877@OKHDFCBANK-SBIN0040171-122195037544-UPI,2025-07-07,2,DEBIT,OTHERS,5896.0,7,2025,0,7
3333333333,HDFC Bank,80448.0,INST-ALERT CHG INC GST OCT-DEC2020-MIR2101402042013,2025-07-07,1,CREDIT,CARD_PAYMENT,-74642.0,7,2025,0,7
3333333333,HDFC Bank,80085.0,UPI-SHEETAL RAVINDRA DA-SHEETAL.DAMBAL@OKSBI-SBIN0010411-109209224698-SUFYAN,2025-07-09,1,CREDIT,CARD_PAYMENT,-79109.0,7,2025,2,9
3333333333,HDFC Bank,80677.0,UPI-DREAMPLUG TECHNOLOGI-CRED@AXISB-UTIB0000114-009400589368-CREDIT CARD BILL P,2025-07-09,2,DEBIT,FT,1568.0,7,2025,2,9
3333333333,HDFC Bank,80267.0,UPI-RAVISHANKAR-Q78015288@YBL-YESB0YBLUPI-123535728297-PAYMENT FROM PHONE,2025-07-09,1,CREDIT,OTHERS,-79180.0,7,2025,2,9
3333333333,HDFC Bank,80156.0,UPI-HARDIK  AGRAWAL-9971488189.NIYO@IDFCBANK-IDFB0040101-031108651605-UPI,2025-07-09,2,DEBIT,OTHERS,976.0,7,2025,2,9
3333333333,HDFC Bank,80565.0,UPI-UBER INDIA SYSTEMS P-UBERRIDES@HDFCBANK-HDFC0000499-105117853141-CHARGE,2025-07-09,2,DEBIT,OTHERS,1087.0,7,2025,2,9
3333333333,HDFC Bank,80016.0,UPI-ABDESH KUMAR YADAV-PAYTMQR28100505010117UM15XIYV9E@PAYTM-PYTM0123456-120209292799-PAYMENT FROM PHONE,2025-07-09,1,CREDIT,CASH,-79478.0,7,2025,2,9
3333333333,HDFC Bank,80768.0,CREDIT INTEREST CAPITALISED,2025-07-09,2,DEBIT,OTHERS,538.0,7,2025,2,9
3333333333,HDFC Bank,80287.0,UPI-TREND AUTOMOBILES-105302393@CNRB-CNRB0001074-035222057565-PAYMENT FROM PHONE,2025-07-09,1,CREDIT,CASH,-80230.0,7,2025,2,9
3333333333,HDFC Bank,80984.0,UPI-SWIGGY-SWIGGY8@YBL-YESB0YBLUPI-101057836776-PAYMENT FROM PHONE,2025-07-09,1,CREDIT,CASH,-80026.0,7,2025,2,9
3333333333,HDFC Bank,80083.0,UPI-MAHESH S-Q60573690@YBL-KKBK0008043-104558209248-PAYMENT FROM PHONE,2025-07-09,2,DEBIT,ATM,57.0,7,2025,2,9
3333333333,HDFC Bank,80741.0,IMPS-018422244664-ADITYA BIRLA SUN LIF-HDFC-XXXXXXXX3578-RD3192534-1038644104,2025-07-07,2,DEBIT,CASH,5494.0,7,2025,0,7
3333333333,HDFC Bank,80994.0,50200015847022SALAUG 20 108621,2025-07-07,1,CREDIT,CARD_PAYMENT,-75247.0,7,2025,0,7
3333333333,HDFC Bank,80978.0,UPI-PARSURAMPURAM SRINIV-6370242870@YBL-ORBC0101157-031627719147-PAYMENT FROM PHONE,2025-07-07,2,DEBIT,CARD_PAYMENT,5747.0,7,2025,0,7
3333333333,HDFC Bank,80326.0,UPI-CRED-CRED@AXISB-UTIB0000114-103219881988-CREDIT CARD BILL P,2025-07-07,1,CREDIT,CASH,-75231.0,7,2025,0,7
3333333333,HDFC Bank,80532.0,UPI-PINTU GUPTA-PAYTMQR281005050101LK22YFGX0QRX@PAYTM-PYTM0123456-127404613871-PAYMENT FROM PHONE,2025-07-07,2,DEBIT,CARD_PAYMENT,5095.0,7,2025,0,7
3333333333,HDFC Bank,80769.0,UPI-DREAMPLUG TECHNOLOGI-CRED@AXISB-UTIB0000114-023113790606-CREDIT CARD BILL P,2025-07-07,1,CREDIT,CASH,-75437.0,7,2025,0,7
3333333333,HDFC Bank,80278.0,NWD-438624XXXXXX3427-08887405-BANGALORE MET,2025-07-07,1,CREDIT,FT,-75138.0,7,2025,0,7
3333333333,HDFC Bank,80470.0,UPI-EURONETGPAY-EURONETGPAY.PAY@ICICI-ICIC0000001-035512416953-UPI,2025-07-07,2,DEBIT,ATM,5332.0,7,2025,0,7
3333333333,HDFC Bank,80788.0,UPI-MD JAHANGIR-BHARATPE09892849123@YESBANKLTD-YESB0000105-102038302659-PAYMENT FROM PHONE,2025-07-07,2,DEBIT,CARD_PAYMENT,5140.0,7,2025,0,7
3333333333,HDFC Bank,80806.0,CREDIT INTEREST CAPITALISED,2025-07-07,1,CREDIT,FT,-75648.0,7,2025,0,7
4444444444,IDFC Bank,80642.0,UPI-RANGANATHA-9964509119@YBL-IBKL0000693-031841592437-PAYMENT FROM PHONE,2025-07-09,2,DEBIT,CARD_PAYMENT,105088.0,7,2025,2,9
4444444444,IDFC Bank,80391.0,UPI-HOTEL SAVITHA-PAYTMQR28100505010113DKDV819USD@PAYTM-PYTM0123456-028604517463-PAYMENT FROM PHONE,2025-07-09,1,CREDIT,ATM,24446.0,7,2025,2,9
4444444444,IDFC Bank,80838.0,UPI RET-2020-04-16-010709165412,2025-07-09,1,CREDIT,CARD_PAYMENT,23886.0,7,2025,2,9
4444444444,IDFC Bank,80951.0,UPI-PHONEPE-PHONEPEUPITOPUP@YBL-YESB0YBLUPI-034274411173-WALLET TOPUP,2025-07-09,2,DEBIT,ATM,104837.0,7,2025,2,9
4444444444,IDFC Bank,80334.0,IMPS-009401112115-SANDIP PATIL-CNRB-XXXXXXXXX7346-RENT,2025-07-09,1,CREDIT,OTHERS,24557.0,7,2025,2,9
4444444444,IDFC Bank,80167.0,UPI-NIPUN GUPTA-7NIPUN7-1@OKICICI-KKBK0000430-003314881593-RENT,2025-07-09,2,DEBIT,ATM,104724.0,7,2025,2,9
4444444444,IDFC Bank,80314.0,UPI-PREETHI CHIDANANDA-PREETHI.CHIDANANDA-1@OKAXIS-HDFC0000053-101011617232-UPI,2025-07-09,2,DEBIT,FT,104891.0,7,2025,2,9
4444444444,IDFC Bank,80443.0,UPI-SUDHANVA MADHURAO RA-7760615177@YBL-HDFC0000877-015456371091-PAYMENT FROM PHONE,2025-07-09,1,CREDIT,CARD_PAYMENT,24577.0,7,2025,2,9
4444444444,IDFC Bank,80994.0,"NEFT DR-IDIB000S176-PRATEEK PATNAIK-NETBANK, MUM-N339201328608485-LOAN CLOSURE",2025-07-09,1,CREDIT,CASH,24541.0,7,2025,2,9
4444444444,IDFC Bank,80479.0,UPI-AISHWARYA MINI MART-Q09390218@YBL-YESB0YBLUPI-120009291644-PAYMENT FROM PHONE,2025-07-09,2,DEBIT,CARD_PAYMENT,105020.0,7,2025,2,9
4444444444,Union Bank,80051.0,UPI-DREAMPLUG TECHNOLOGI-CRED@AXISB-UTIB0000114-019923935948-CREDIT CARD BILL P,2025-07-09,2,DEBIT,FT,9914.0,7,2025,2,9
4444444444,Union Bank,80961.0,UPI-XXXXXX9746-HDFC0000001-028779399607-PAYMENT FROM PHONE,2025-07-09,1,CREDIT,FT,-70137.0,7,2025,2,9
4444444444,Union Bank,80267.0,.IMPS P2P 029015173519#16/10/2020 161020-MIR2030035732768,2025-07-09,1,CREDIT,FT,-69962.0,7,2025,2,9
4444444444,Union Bank,80786.0,UPI-SANJAY AGRAWAL-SANJAY30AGRAWAL@OKICICI-ICIC0000274-032522377475-TEST,2025-07-09,2,DEBIT,OTHERS,10824.0,7,2025,2,9
4444444444,Union Bank,80099.0,UPI-SRI GANESH FRUIT JUI-PAYTMQR2810050501013Q7XKZT6R7PB@PAYTM-PYTM0123456-108157562234-PAYMENT FROM PHONE,2025-07-09,2,DEBIT,CARD_PAYMENT,10305.0,7,2025,2,9
4444444444,Union Bank,80550.0,UPI-PRATEEK PATNAIK-9686165933@YBL-HDFC0000523-106183952786-PAYMENT FROM PHONE,2025-07-09,1,CREDIT,FT,-69794.0,7,2025,2,9
4444444444,Union Bank,80827.0,UPI-AIRTEL HDFC UPI MAST-AIRTELIN.RZP@AXISBANK-UTIB0001507-104625743564-PAYMENT FROM PHONE,2025-07-09,2,DEBIT,CASH,10756.0,7,2025,2,9
4444444444,Union Bank,80519.0,UPI-PRATEEK PATNAIK-9686165933@YBL-HDFC0000523-033909369796-PAYMENT FROM PHONE,2025-07-09,1,CREDIT,CARD_PAYMENT,-70071.0,7,2025,2,9
4444444444,Union Bank,80638.0,UPI-CREDCLUB-CREDCLUB@ICICI-ICIC0000001-033624490024-PAYMENT FROM PHONE,2025-07-09,1,CREDIT,CARD_PAYMENT,-70242.0,7,2025,2,9
4444444444,Union Bank,80690.0,UPI-PHONEPE-PHONEPEUPITOPUP@YBL-YESB0YBLUPI-030878345040-WALLET TOPUP,2025-07-09,2,DEBIT,ATM,10448.0,7,2025,2,9
4444444444,Union Bank,80445.0,UPI-ANUJ MITTAL-ANUJMITTAL0801@OKHDFCBANK-HDFC0004460-003213587079-UPI,2025-06-27,2,DEBIT,CARD_PAYMENT,107803.0,6,2025,4,27
4444444444,Union Bank,80905.0,UPI-HDFC BANK LTD FASTAG-NETC.KA01ML2012@HDFCBANK-HDFC0009956-015414647453-PAYMENT FROM PHONE,2025-06-27,1,CREDIT,CASH,27358.0,6,2025,4,27
4444444444,Union Bank,80298.0,UPI-PARASHIVAMURTHY K S-9206954818@YBL-SYNB0001562-014438416783-PAYMENT FROM PHONE,2025-05-27,1,CREDIT,CASH,28150.0,5,2025,1,27
4444444444,Union Bank,80113.0,UPI-ANUJ MITTAL-ANUJMITTAL0801@OKHDFCBANK-HDFC0004460-003213587079-UPI,2025-05-27,2,DEBIT,CASH,108263.0,5,2025,1,27
4444444444,HDFC Bank,80559.0,UPI-AISHWARYA MINI MART-Q36365093@YBL-YESB0YBLUPI-104642349580-PAYMENT FROM PHONE,2025-07-09,1,CREDIT,OTHERS,-77324.0,7,2025,2,9
4444444444,HDFC Bank,80805.0,ACH C- TCS1STINTDIV310720-C2003055611208,2025-07-09,2,DEBIT,ATM,3481.0,7,2025,2,9
4444444444,HDFC Bank,80050.0,UPI-DUNZO DIGITAL PRIVAT-DUNZO1.PAYU@INDUS-INDB0002201-104767620300-PAYMENT FROM PHONE,2025-07-09,1,CREDIT,CARD_PAYMENT,-77614.0,7,2025,2,9
4444444444,HDFC Bank,80849.0,UPI-PHONEPE-BILLDESKPP@YBL-YESB0YBLUPI-022533819900-PAYMENT FOR CATEGO,2025-07-09,2,DEBIT,FT,3235.0,7,2025,2,9
4444444444,HDFC Bank,80037.0,UPI-SAFE GOLD-SAFEGOLD@YBL-YESB0YBLUPI-016220690358-PAYMENT FOR CATEGO,2025-07-09,1,CREDIT,CARD_PAYMENT,-77873.0,7,2025,2,9
4444444444,HDFC Bank,80309.0,UPI-SANJAY AGRAWAL-SANJAY30AGRAWAL@OKICICI-ICIC0000274-100922596493-TRANSFER,2025-07-09,2,DEBIT,CARD_PAYMENT,2436.0,7,2025,2,9
4444444444,HDFC Bank,80941.0,UPI-DIVYA DAS-DIVYADAS91@OKHDFCBANK-HDFC0002777-016519304334-UPI,2025-07-09,2,DEBIT,OTHERS,2164.0,7,2025,2,9
4444444444,HDFC Bank,80824.0,UPI-SUDHANVA MADHURAO RA-7760615177@YBL-HDFC0000877-019884154921-PAYMENT FROM PHONE,2025-07-09,1,CREDIT,CARD_PAYMENT,-78777.0,7,2025,2,9
4444444444,HDFC Bank,80632.0,UPI-OLA-OLAONLINE@YBL-YESB0YBLUPI-105086855192-PAYMENT FROM PHONE,2025-07-09,1,CREDIT,CARD_PAYMENT,-78244.0,7,2025,2,9
4444444444,HDFC Bank,80291.0,UPI-SWIGGY-SWIGGY8@YBL-YESB0YBLUPI-104139133337-PAYMENT FROM PHONE,2025-07-09,2,DEBIT,CARD_PAYMENT,2047.0,7,2025,2,9
4444444444,HDFC Bank,80544.0,UPI-DREAMPLUG TECHNOLOGI-CRED@AXISB-UTIB0000114-012016383521-CREDIT CARD BILL P,2025-07-07,1,CREDIT,CARD_PAYMENT,-70171.0,7,2025,0,7
4444444444,HDFC Bank,80135.0,UPI-MR PRATEEK PATNAIK-PATNAIK.PRATEEK@YBL-IDIB000S176-033939878475-PAYMENT FROM PHONE,2025-07-07,2,DEBIT,ATM,9964.0,7,2025,0,7
4444444444,HDFC Bank,80939.0,UPI-DREAMPLUG TECHNOLOGI-CRED@AXISB-UTIB0000114-009400741981-CREDIT CARD BILL P,2025-07-07,2,DEBIT,CASH,10373.0,7,2025,0,7
4444444444,HDFC Bank,80652.0,UPI-SUMAN  SWAROOP-SUMANSWAR12@OKSBI-SBIN0006652-006006641672-PETROL,2025-07-07,1,CREDIT,CARD_PAYMENT,-70566.0,7,2025,0,7
4444444444,HDFC Bank,80657.0,UPI-GIRRAJ MEDICAL STORE-PAYTMQR28100505010111A10BLF7BGA@PAYTM-PYTM0123456-033319425613-UPI,2025-07-07,2,DEBIT,CARD_PAYMENT,10086.0,7,2025,0,7
4444444444,HDFC Bank,80772.0,UPI-SPORTA TECHNOLOGIES -FANCODE.PAYU@INDUS-INDB0002201-036509119466-UPI TRANSACTION,2025-07-07,1,CREDIT,CASH,-70571.0,7,2025,0,7
4444444444,HDFC Bank,80260.0,UPI-HARDIK  AGRAWAL-HARDIK0406AGRAWAL@OKSBI-SBIN0030261-028317839465-SAVINGS,2025-07-07,1,CREDIT,FT,-69933.0,7,2025,0,7
4444444444,HDFC Bank,80134.0,UPI-SHANTI MANTRI-9652458674@YBL-SBIN0020380-101654249219-PAYMENT FROM PHONE,2025-07-07,2,DEBIT,CASH,10201.0,7,2025,0,7
4444444444,HDFC Bank,80776.0,UPI-FX MART PRIVATE LIMI-FXM@YBL-YESB0YBLUPI-010720599609-WALLET TOPUP,2025-07-07,2,DEBIT,CARD_PAYMENT,10327.0,7,2025,0,7
4444444444,HDFC Bank,80163.0,UPI-RAMA SUDHAKAR PATNAI-9414077884@YBL-SBIN0020702-104321119119-PAYMENT FROM PHONE,2025-07-07,1,CREDIT,ATM,-70449.0,7,2025,0,7
4444444444,IDFC Bank,80273.0,UPI-CRED-CRED@AXISB-UTIB0000114-104817335968-CREDIT CARD BILL P,2025-07-09,1,CREDIT,FT,-72209.0,7,2025,2,9
4444444444,IDFC Bank,80430.0,UPI-GET SIMPL TECHNOLOGI-SIMPL@AXISBANK-UTIB0000100-035714694623-SIMPL,2025-07-09,2,DEBIT,ATM,8221.0,7,2025,2,9
4444444444,IDFC Bank,80063.0,UPI-PINTU GUPTA-PAYTMQR281005050101LK22YFGX0QRX@PAYTM-PYTM0123456-127404613871-PAYMENT FROM PHONE,2025-07-09,2,DEBIT,CARD_PAYMENT,8064.0,7,2025,2,9
4444444444,IDFC Bank,80422.0,UPI-SRI GANESH FRUIT JUI-PAYTMQR2810050501011EQANBWQ4ZSL@PAYTM-PYTM0123456-036043230287-PAYMENT FROM PHONE,2025-07-09,1,CREDIT,FT,-71999.0,7,2025,2,9
4444444444,IDFC Bank,80203.0,UPI-PARSURAMPURAM SRINIV-6370242870@YBL-ORBC0101157-021633611931-PAYMENT FROM PHONE,2025-07-09,1,CREDIT,OTHERS,-72331.0,7,2025,2,9
4444444444,IDFC Bank,80754.0,IMPS-104311102929-SANDIP PATIL-CNRB-XXXXXXXXX7346-RENT,2025-07-09,2,DEBIT,CASH,8423.0,7,2025,2,9
4444444444,IDFC Bank,80304.0,CREDIT INTEREST CAPITALISED,2025-07-09,1,CREDIT,CASH,-72762.0,7,2025,2,9
4444444444,IDFC Bank,80634.0,UPI-FX MART PRIVATE LIMI-FXM@YBL-YESB0YBLUPI-010730656553-WALLET TOPUP,2025-07-09,2,DEBIT,CARD_PAYMENT,7872.0,7,2025,2,9
4444444444,IDFC Bank,80952.0,UPI-DENTIS ZONE MULTISPE-DENTISZONEMULTISPECI.28121798@HDFCBANK-HDFC0000001-106056416346-PAYMENT FROM PHONE,2025-07-09,2,DEBIT,CASH,7542.0,7,2025,2,9
4444444444,IDFC Bank,80880.0,UPI-PARSURAMPURAM SRINIV-PSS.PRASAD@YBL-PUNB0115710-104315466518-PAYMENT FROM PHONE,2025-07-09,1,CREDIT,FT,-73410.0,7,2025,2,9
4444444444,IDFC Bank,80714.0,UPI-XXXXXX4811-IDIB0000001-101911439713-PAYMENT FROM PHONE,2025-07-09,1,CREDIT,CARD_PAYMENT,28819.0,7,2025,2,9
4444444444,IDFC Bank,80925.0,UPI-DUNZO-DUNZO.PAYU@AXISBANK-UTIB0000000-108385554342-PAYMENT FROM PHONE,2025-07-09,2,DEBIT,FT,109744.0,7,2025,2,9
4444444444,IDFC Bank,80393.0,UPI-SWIGGY-SWIGGY8@YBL-YESB0YBLUPI-101783205806-PAYMENT FROM PHONE,2025-07-09,1,CREDIT,CARD_PAYMENT,29070.0,7,2025,2,9
4444444444,IDFC Bank,80463.0,UPI-LAZYPAY-LAZYPAY@AXISBANK-UTIB0000000-010716764929-LAZY PAY REPAYMENT,2025-07-09,2,DEBIT,CASH,109533.0,7,2025,2,9
4444444444,IDFC Bank,80134.0,UPI-DIVYA DAS-DIVYADAS91@OKHDFCBANK-HDFC0002777-016519304334-UPI,2025-07-09,1,CREDIT,CARD_PAYMENT,29196.0,7,2025,2,9
4444444444,IDFC Bank,80267.0,UPI-SWIGGY-SWIGGY8@YBL-YESB0YBLUPI-101783205806-PAYMENT FROM PHONE,2025-07-09,2,DEBIT,CARD_PAYMENT,109463.0,7,2025,2,9
4444444444,IDFC Bank,80930.0,UPI-NIRMALA-BHARATPE.9051441401@FBPE-FDRL0001382-101632969524-PAYMENT FROM PHONE,2025-07-09,2,DEBIT,CARD_PAYMENT,109330.0,7,2025,2,9
4444444444,IDFC Bank,80643.0,"NEFT DR-IDIB000S176-PRATEEK PATNAIK-NETBANK, MUM-N276201262219272-EMI",2025-07-09,1,CREDIT,FT,28400.0,7,2025,2,9
4444444444,IDFC Bank,80075.0,UPI-FX MART PRIVATE LIMI-FXM@YBL-YESB0YBLUPI-010666437303-WALLET TOPUP,2025-07-09,1,CREDIT,CASH,28587.0,7,2025,2,9
4444444444,IDFC Bank,80456.0,UPI-G V MANJUNATHA-9945481125@YBL-HDFC0000714-025740040637-R806,2025-07-09,2,DEBIT,CARD_PAYMENT,109043.0,7,2025,2,9
4444444444,Union Bank,80476.0,UPI-GET SIMPL TECHNOLOGI-GETSIMPL.RAZORPAY@HDFCBANK-HDFC0000053-009511896593-SIMPL REPAYMENT TO,2025-07-09,2,DEBIT,CARD_PAYMENT,6613.0,7,2025,2,9
4444444444,Union Bank,80963.0,50400204367581- RD INSTALLMENT-NOV 2020,2025-07-09,1,CREDIT,CARD_PAYMENT,-73863.0,7,2025,2,9
4444444444,Union Bank,80050.0,UPI-XXXXXX6863-SBIN0040403-009512193461-PAYMENT FROM PHONE,2025-07-09,1,CREDIT,CASH,-73414.0,7,2025,2,9
4444444444,Union Bank,80514.0,UPI-OLA-OLAONLINE@YBL-YESB0YBLUPI-126041436693-PAYMENT FOR C9725A,2025-07-09,2,DEBIT,CARD_PAYMENT,7100.0,7,2025,2,9
4444444444,Union Bank,80711.0,UPI-AIRTEL HDFC UPI MAST-AIRTELIN.RZP@AXISBANK-UTIB0001507-105543920647-PAYMENT FROM PHONE,2025-07-09,1,CREDIT,CARD_PAYMENT,-73924.0,7,2025,2,9
4444444444,Union Bank,80560.0,UPI-SONYLIV-SONYLIV.RZP@AXISBANK-UTIB0001507-121615436535- SONY PICTURES NET,2025-07-09,2,DEBIT,CARD_PAYMENT,6636.0,7,2025,2,9
4444444444,Union Bank,80493.0,UPI-GET SIMPL TECHNOLOGI-GETSIMPL.RAZORPAY@HDFCBANK-HDFC0000053-009511896593-SIMPL REPAYMENT TO,2025-07-09,2,DEBIT,FT,6787.0,7,2025,2,9
4444444444,Union Bank,80782.0,UPI-CREDCLUB-CREDCLUB@ICICI-ICIC0000001-036217802839-CREDIT CARD BILL P,2025-07-09,1,CREDIT,OTHERS,-73706.0,7,2025,2,9
4444444444,Union Bank,80417.0,UPI-SYED YOUSUF-9113296096@YBL-KKBK0008058-015252177333-PAYMENT FROM PHONE,2025-07-09,2,DEBIT,CARD_PAYMENT,7076.0,7,2025,2,9
4444444444,Union Bank,80978.0,UPI-UBER INDIA SYSTEMS P-UBERRIDES@HDFCBANK-HDFC0000499-108051658151-PAYMENT FROM PHONE,2025-07-09,1,CREDIT,CARD_PAYMENT,-73341.0,7,2025,2,9
4444444444,Union Bank,80927.0,UPI-BHARATPE MERCHANT-BHARATPE90718510059@YESBANKLTD-YESB0000004-017244208980-VERIFIED MERCHANT,2025-06-27,1,CREDIT,FT,27920.0,6,2025,4,27
4444444444,Union Bank,80207.0,UPI-CREDCLUB-CREDCLUB@ICICI-ICIC0000001-030519746862-CREDIT CARD BILL P,2025-06-27,2,DEBIT,OTHERS,108127.0,6,2025,4,27
4444444444,Union Bank,80027.0,UPI-UBER INDIA SYSTEMS P-UBERRIDES@HDFCBANK-HDFC0000499-105117853141-CHARGE,2025-05-27,1,CREDIT,CASH,27869.0,5,2025,1,27
4444444444,Union Bank,80978.0,UPI-HARDIK  AGRAWAL-HARDIK0406AGRAWAL@OKSBI-SBIN0030261-028317839465-SAVINGS,2025-05-27,2,DEBIT,ATM,108847.0,5,2025,1,27
4444444444,Union Bank,80295.0,UPI-OLA-OLAONLINE@YBL-YESB0YBLUPI-123674232023-PAYMENT FOR E54EEA,2025-07-09,2,DEBIT,CARD_PAYMENT,108514.0,7,2025,2,9
4444444444,Union Bank,80135.0,UPI-SAAPAAD-PAYTMQR28100505010117026OE8C6MV@PAYTM-PYTM0123456-021464993470-PAYMENT FROM PHONE,2025-07-09,1,CREDIT,CASH,28219.0,7,2025,2,9
4444444444,Union Bank,80015.0,.IMPS P2P 029117302320#17/10/2020 181020-MIR2030136992354,2025-07-09,1,CREDIT,CARD_PAYMENT,27558.0,7,2025,2,9
4444444444,Union Bank,80796.0,UPI-SANGEETHA M-SANGEETHA28.SM@OKSBI-VIJB0001394-022418310954-UPI,2025-07-09,2,DEBIT,CASH,108354.0,7,2025,2,9
4444444444,Union Bank,80205.0,UPI-ANKUR DHIR-ANKURDHIR111@OKHDFCBANK-HDFC0001266-030110973590-UPI,2025-07-09,1,CREDIT,ATM,26638.0,7,2025,2,9
4444444444,Union Bank,80935.0,20201222147613830340/PAYTMPAYTMMONEYMUTUA,2025-07-09,2,DEBIT,OTHERS,107573.0,7,2025,2,9
4444444444,Union Bank,80212.0,UPI-RAMA SUDHAKAR PATNAI-9414077884@YBL-SBIN0020702-034066225154-PAYMENT FROM PHONE,2025-07-09,1,CREDIT,CARD_PAYMENT,26294.0,7,2025,2,9
4444444444,Union Bank,80549.0,UPI-NIRMALA-BHARATPE.9051441401@FBPE-FDRL0001382-101632969524-PAYMENT FROM PHONE,2025-07-09,2,DEBIT,CASH,106843.0,7,2025,2,9
4444444444,Union Bank,80502.0,UPI-MD JAHANGIR-BHARATPE09892849123@YESBANKLTD-YESB0000105-102038302659-PAYMENT FROM PHONE,2025-07-09,2,DEBIT,OTHERS,106506.0,7,2025,2,9
4444444444,Union Bank,80372.0,UPI-UBER INDIA SYSTEMS P-UBERRIDES@HDFCBANK-HDFC0000499-105217478239-CHARGE,2025-07-09,1,CREDIT,FT,26004.0,7,2025,2,9
4444444444,Union Bank,80331.0,50400204367581- RD INSTALLMENT-DEC 2020,2025-06-27,2,DEBIT,ATM,107340.0,6,2025,4,27
4444444444,Union Bank,80030.0,UPI-FX MART PRIVATE LIMI-FXM@YBL-YESB0YBLUPI-011456885597-WALLET TOPUP,2025-06-27,1,CREDIT,CARD_PAYMENT,27009.0,6,2025,4,27
4444444444,Union Bank,80847.0,UPI-RAJESH-PAYTMQR28100505010115KDL9E9P7TK@PAYTM-PYTM0123456-031624391996-PAYMENT FROM PHONE,2025-05-27,2,DEBIT,ATM,107039.0,5,2025,1,27
4444444444,Union Bank,80339.0,UPI-DIVYA DAS-9686097437@YBL-HDFC0002777-012848830297-PAYMENT FROM PHONE,2025-05-27,1,CREDIT,ATM,26192.0,5,2025,1,27
4444444444,HDFC Bank,80677.0,UPI-DREAMPLUG TECHNOLOGI-CRED@AXISB-UTIB0000114-009400589368-CREDIT CARD BILL P,2025-07-09,2,DEBIT,FT,1568.0,7,2025,2,9
4444444444,HDFC Bank,80085.0,UPI-SHEETAL RAVINDRA DA-SHEETAL.DAMBAL@OKSBI-SBIN0010411-109209224698-SUFYAN,2025-07-09,1,CREDIT,CARD_PAYMENT,-79109.0,7,2025,2,9
4444444444,HDFC Bank,80156.0,UPI-HARDIK  AGRAWAL-9971488189.NIYO@IDFCBANK-IDFB0040101-031108651605-UPI,2025-07-09,2,DEBIT,OTHERS,976.0,7,2025,2,9
4444444444,HDFC Bank,80267.0,UPI-RAVISHANKAR-Q78015288@YBL-YESB0YBLUPI-123535728297-PAYMENT FROM PHONE,2025-07-09,1,CREDIT,OTHERS,-79180.0,7,2025,2,9
4444444444,HDFC Bank,80565.0,UPI-UBER INDIA SYSTEMS P-UBERRIDES@HDFCBANK-HDFC0000499-105117853141-CHARGE,2025-07-09,2,DEBIT,OTHERS,1087.0,7,2025,2,9
4444444444,HDFC Bank,80016.0,UPI-ABDESH KUMAR YADAV-PAYTMQR28100505010117UM15XIYV9E@PAYTM-PYTM0123456-120209292799-PAYMENT FROM PHONE,2025-07-09,1,CREDIT,CASH,-79478.0,7,2025,2,9
4444444444,HDFC Bank,80287.0,UPI-TREND AUTOMOBILES-105302393@CNRB-CNRB0001074-035222057565-PAYMENT FROM PHONE,2025-07-09,1,CREDIT,CASH,-80230.0,7,2025,2,9
4444444444,HDFC Bank,80768.0,CREDIT INTEREST CAPITALISED,2025-07-09,2,DEBIT,OTHERS,538.0,7,2025,2,9
4444444444,HDFC Bank,80984.0,UPI-SWIGGY-SWIGGY8@YBL-YESB0YBLUPI-101057836776-PAYMENT FROM PHONE,2025-07-09,1,CREDIT,CASH,-80026.0,7,2025,2,9
4444444444,HDFC Bank,80083.0,UPI-MAHESH S-Q60573690@YBL-KKBK0008043-104558209248-PAYMENT FROM PHONE,2025-07-09,2,DEBIT,ATM,57.0,7,2025,2,9
4444444444,HDFC Bank,80741.0,IMPS-018422244664-ADITYA BIRLA SUN LIF-HDFC-XXXXXXXX3578-RD3192534-1038644104,2025-07-07,2,DEBIT,CASH,5494.0,7,2025,0,7
4444444444,HDFC Bank,80994.0,50200015847022SALAUG 20 108621,2025-07-07,1,CREDIT,CARD_PAYMENT,-75247.0,7,2025,0,7
4444444444,HDFC Bank,80978.0,UPI-PARSURAMPURAM SRINIV-6370242870@YBL-ORBC0101157-031627719147-PAYMENT FROM PHONE,2025-07-07,2,DEBIT,CARD_PAYMENT,5747.0,7,2025,0,7
4444444444,HDFC Bank,80326.0,UPI-CRED-CRED@AXISB-UTIB0000114-103219881988-CREDIT CARD BILL P,2025-07-07,1,CREDIT,CASH,-75231.0,7,2025,0,7
4444444444,HDFC Bank,80532.0,UPI-PINTU GUPTA-PAYTMQR281005050101LK22YFGX0QRX@PAYTM-PYTM0123456-127404613871-PAYMENT FROM PHONE,2025-07-07,2,DEBIT,CARD_PAYMENT,5095.0,7,2025,0,7
4444444444,HDFC Bank,80769.0,UPI-DREAMPLUG TECHNOLOGI-CRED@AXISB-UTIB0000114-023113790606-CREDIT CARD BILL P,2025-07-07,1,CREDIT,CASH,-75437.0,7,2025,0,7
4444444444,HDFC Bank,80278.0,NWD-438624XXXXXX3427-08887405-BANGALORE MET,2025-07-07,1,CREDIT,FT,-75138.0,7,2025,0,7
4444444444,HDFC Bank,80470.0,UPI-EURONETGPAY-EURONETGPAY.PAY@ICICI-ICIC0000001-035512416953-UPI,2025-07-07,2,DEBIT,ATM,5332.0,7,2025,0,7
4444444444,HDFC Bank,80788.0,UPI-MD JAHANGIR-BHARATPE09892849123@YESBANKLTD-YESB0000105-102038302659-PAYMENT FROM PHONE,2025-07-07,2,DEBIT,CARD_PAYMENT,5140.0,7,2025,0,7
4444444444,HDFC Bank,80806.0,CREDIT INTEREST CAPITALISED,2025-07-07,1,CREDIT,FT,-75648.0,7,2025,0,7
4444444444,HDFC Bank,80072.0,UPI-MR MOHAMMED ZAHEERUL-8884442498@YBL-IDIB000B041-118513918994-PAYMENT FROM PHONE,2025-07-09,2,DEBIT,ATM,3676.0,7,2025,2,9
4444444444,HDFC Bank,80558.0,UPI-SWIGGY-SWIGGY8@YBL-YESB0YBLUPI-104264587845-PAYMENT FROM PHONE,2025-07-09,1,CREDIT,OTHERS,-76396.0,7,2025,2,9
4444444444,HDFC Bank,80408.0,UPI-ACT BROADBAND-PAYTM-ACTBAN4@PAYTM-PYTM0123456-016839849023-PAYMENT FOR SUBSCR,2025-07-09,2,DEBIT,CARD_PAYMENT,4162.0,7,2025,2,9
4444444444,HDFC Bank,80415.0,UPI-CRED-CRED@AXISB-UTIB0000114-030309272514-CREDIT CARD BILL P,2025-07-09,1,CREDIT,CARD_PAYMENT,-76246.0,7,2025,2,9
4444444444,HDFC Bank,80273.0,UPI-SATYA NARAYAN BEHER-8328853083@YBL-SBIN0002112-126364354416-PAYMENT FROM PHONE,2025-07-09,2,DEBIT,CARD_PAYMENT,4169.0,7,2025,2,9
4444444444,HDFC Bank,80631.0,CHQ PAID-MICR CTS-NO-SR POST MASTER  HPO,2025-07-09,1,CREDIT,ATM,-76104.0,7,2025,2,9
4444444444,HDFC Bank,80545.0,UPI-SRI BRAHMALINGESHWAR-PAYTMQR28100505010113CV8CXTZUHG@PAYTM-PYTM0123456-033363246388-PAYMENT FROM PHONE,2025-07-09,2,DEBIT,FT,4527.0,7,2025,2,9
4444444444,HDFC Bank,80870.0,UPI-BHARATPEMERCHANT-BHARATPE.0850487682@ICICI-ICIC0000001-031703603873-PAYMENT FROM PHONE,2025-07-09,1,CREDIT,OTHERS,-76018.0,7,2025,2,9
4444444444,HDFC Bank,80581.0,UPI-SIDDHANT KUMAR-SIDDHANTKUMAR171@DBS-DBSS0IN0811-101012491647-AMAZON NORD PAYMEN,2025-07-09,1,CREDIT,ATM,-75356.0,7,2025,2,9
4444444444,HDFC Bank,80208.0,UPI-CRED-CRED@AXISB-UTIB0000114-112115658127-PAYMENT ON CRED,2025-07-09,2,DEBIT,CARD_PAYMENT,4852.0,7,2025,2,9
4444444444,HDFC Bank,80203.0,UPI-DREAMPLUG TECHNOLOGI-CRED@AXISB-UTIB0000114-027200895296-CREDIT CARD BILL P,2025-07-07,1,CREDIT,OTHERS,-74684.0,7,2025,0,7
4444444444,HDFC Bank,80547.0,UPI-ACT BROADBAND-PAYTM-ACTBAN4@PAYTM-PYTM0123456-016839849023-PAYMENT FOR SUBSCR,2025-07-07,2,DEBIT,OTHERS,5863.0,7,2025,0,7
4444444444,HDFC Bank,80687.0,UPI-SANJAY AGRAWAL-SANJAY30AGRAWAL@OKICICI-ICIC0000274-100922596493-TRANSFER,2025-07-07,2,DEBIT,CASH,5519.0,7,2025,0,7
4444444444,HDFC Bank,80935.0,SALARY FROM MEDISYNC HEALTH MANAGEMENT SERVICES P L,2025-07-07,1,CREDIT,OTHERS,-75168.0,7,2025,0,7
4444444444,HDFC Bank,80713.0,UPI-SWIGGY-SWIGGY8@YBL-YESB0YBLUPI-101783205806-PAYMENT FROM PHONE,2025-07-07,1,CREDIT,OTHERS,-74537.0,7,2025,0,7
4444444444,HDFC Bank,80304.0,NEFT CR-CITI0100000-FTMF REDEMPTION ACCOUNT-PRATEEK PATNAIK-CITIN20100690483,2025-07-07,2,DEBIT,CARD_PAYMENT,5767.0,7,2025,0,7
4444444444,HDFC Bank,80572.0,UPI-PHONEPE-BILLDESKPP@YBL-YESB0YBLUPI-104831200709-PAYMENT FROM PHONE,2025-07-07,1,CREDIT,CASH,-74676.0,7,2025,0,7
4444444444,HDFC Bank,80852.0,UPI-CRED-CREDCC@YESBANK-YESB0000022-018492205316-CREDIT CARD BILL P,2025-07-07,2,DEBIT,FT,6176.0,7,2025,0,7
4444444444,HDFC Bank,80538.0,UPI-PRADIP KUMAR -PADDI6877@OKHDFCBANK-SBIN0040171-122195037544-UPI,2025-07-07,2,DEBIT,OTHERS,5896.0,7,2025,0,7
4444444444,HDFC Bank,80448.0,INST-ALERT CHG INC GST OCT-DEC2020-MIR2101402042013,2025-07-07,1,CREDIT,CARD_PAYMENT,-74642.0,7,2025,0,7
5555555555,HDFC Bank,80072.0,UPI-MR MOHAMMED ZAHEERUL-8884442498@YBL-IDIB000B041-118513918994-PAYMENT FROM PHONE,2025-07-09,2,DEBIT,ATM,3676.0,7,2025,2,9
5555555555,HDFC Bank,80558.0,UPI-SWIGGY-SWIGGY8@YBL-YESB0YBLUPI-104264587845-PAYMENT FROM PHONE,2025-07-09,1,CREDIT,OTHERS,-76396.0,7,2025,2,9
5555555555,HDFC Bank,80415.0,UPI-CRED-CRED@AXISB-UTIB0000114-030309272514-CREDIT CARD BILL P,2025-07-09,1,CREDIT,CARD_PAYMENT,-76246.0,7,2025,2,9
5555555555,HDFC Bank,80408.0,UPI-ACT BROADBAND-PAYTM-ACTBAN4@PAYTM-PYTM0123456-016839849023-PAYMENT FOR SUBSCR,2025-07-09,2,DEBIT,CARD_PAYMENT,4162.0,7,2025,2,9
5555555555,HDFC Bank,80631.0,CHQ PAID-MICR CTS-NO-SR POST MASTER  HPO,2025-07-09,1,CREDIT,ATM,-76104.0,7,2025,2,9
5555555555,HDFC Bank,80273.0,UPI-SATYA NARAYAN BEHER-8328853083@YBL-SBIN0002112-126364354416-PAYMENT FROM PHONE,2025-07-09,2,DEBIT,CARD_PAYMENT,4169.0,7,2025,2,9
5555555555,HDFC Bank,80870.0,UPI-BHARATPEMERCHANT-BHARATPE.0850487682@ICICI-ICIC0000001-031703603873-PAYMENT FROM PHONE,2025-07-09,1,CREDIT,OTHERS,-76018.0,7,2025,2,9
5555555555,HDFC Bank,80545.0,UPI-SRI BRAHMALINGESHWAR-PAYTMQR28100505010113CV8CXTZUHG@PAYTM-PYTM0123456-033363246388-PAYMENT FROM PHONE,2025-07-09,2,DEBIT,FT,4527.0,7,2025,2,9
5555555555,HDFC Bank,80581.0,UPI-SIDDHANT KUMAR-SIDDHANTKUMAR171@DBS-DBSS0IN0811-101012491647-AMAZON NORD PAYMEN,2025-07-09,1,CREDIT,ATM,-75356.0,7,2025,2,9
5555555555,HDFC Bank,80208.0,UPI-CRED-CRED@AXISB-UTIB0000114-112115658127-PAYMENT ON CRED,2025-07-09,2,DEBIT,CARD_PAYMENT,4852.0,7,2025,2,9
5555555555,HDFC Bank,80203.0,UPI-DREAMPLUG TECHNOLOGI-CRED@AXISB-UTIB0000114-027200895296-CREDIT CARD BILL P,2025-07-07,1,CREDIT,OTHERS,-74684.0,7,2025,0,7
5555555555,HDFC Bank,80547.0,UPI-ACT BROADBAND-PAYTM-ACTBAN4@PAYTM-PYTM0123456-016839849023-PAYMENT FOR SUBSCR,2025-07-07,2,DEBIT,OTHERS,5863.0,7,2025,0,7
5555555555,HDFC Bank,80935.0,SALARY FROM MEDISYNC HEALTH MANAGEMENT SERVICES P L,2025-07-07,1,CREDIT,OTHERS,-75168.0,7,2025,0,7
5555555555,HDFC Bank,80687.0,UPI-SANJAY AGRAWAL-SANJAY30AGRAWAL@OKICICI-ICIC0000274-100922596493-TRANSFER,2025-07-07,2,DEBIT,CASH,5519.0,7,2025,0,7
5555555555,HDFC Bank,80304.0,NEFT CR-CITI0100000-FTMF REDEMPTION ACCOUNT-PRATEEK PATNAIK-CITIN20100690483,2025-07-07,2,DEBIT,CARD_PAYMENT,5767.0,7,2025,0,7
5555555555,HDFC Bank,80713.0,UPI-SWIGGY-SWIGGY8@YBL-YESB0YBLUPI-101783205806-PAYMENT FROM PHONE,2025-07-07,1,CREDIT,OTHERS,-74537.0,7,2025,0,7
5555555555,HDFC Bank,80852.0,UPI-CRED-CREDCC@YESBANK-YESB0000022-018492205316-CREDIT CARD BILL P,2025-07-07,2,DEBIT,FT,6176.0,7,2025,0,7
5555555555,HDFC Bank,80572.0,UPI-PHONEPE-BILLDESKPP@YBL-YESB0YBLUPI-104831200709-PAYMENT FROM PHONE,2025-07-07,1,CREDIT,CASH,-74676.0,7,2025,0,7
5555555555,HDFC Bank,80448.0,INST-ALERT CHG INC GST OCT-DEC2020-MIR2101402042013,2025-07-07,1,CREDIT,CARD_PAYMENT,-74642.0,7,2025,0,7
5555555555,HDFC Bank,80538.0,UPI-PRADIP KUMAR -PADDI6877@OKHDFCBANK-SBIN0040171-122195037544-UPI,2025-07-07,2,DEBIT,OTHERS,5896.0,7,2025,0,7
5555555555,IDFC Bank,80391.0,UPI-HOTEL SAVITHA-PAYTMQR28100505010113DKDV819USD@PAYTM-PYTM0123456-028604517463-PAYMENT FROM PHONE,2025-07-09,1,CREDIT,ATM,24446.0,7,2025,2,9
5555555555,IDFC Bank,80642.0,UPI-RANGANATHA-9964509119@YBL-IBKL0000693-031841592437-PAYMENT FROM PHONE,2025-07-09,2,DEBIT,CARD_PAYMENT,105088.0,7,2025,2,9
5555555555,IDFC Bank,80838.0,UPI RET-2020-04-16-010709165412,2025-07-09,1,CREDIT,CARD_PAYMENT,23886.0,7,2025,2,9
5555555555,IDFC Bank,80951.0,UPI-PHONEPE-PHONEPEUPITOPUP@YBL-YESB0YBLUPI-034274411173-WALLET TOPUP,2025-07-09,2,DEBIT,ATM,104837.0,7,2025,2,9
5555555555,IDFC Bank,80334.0,IMPS-009401112115-SANDIP PATIL-CNRB-XXXXXXXXX7346-RENT,2025-07-09,1,CREDIT,OTHERS,24557.0,7,2025,2,9
5555555555,IDFC Bank,80167.0,UPI-NIPUN GUPTA-7NIPUN7-1@OKICICI-KKBK0000430-003314881593-RENT,2025-07-09,2,DEBIT,ATM,104724.0,7,2025,2,9
5555555555,IDFC Bank,80314.0,UPI-PREETHI CHIDANANDA-PREETHI.CHIDANANDA-1@OKAXIS-HDFC0000053-101011617232-UPI,2025-07-09,2,DEBIT,FT,104891.0,7,2025,2,9
5555555555,IDFC Bank,80443.0,UPI-SUDHANVA MADHURAO RA-7760615177@YBL-HDFC0000877-015456371091-PAYMENT FROM PHONE,2025-07-09,1,CREDIT,CARD_PAYMENT,24577.0,7,2025,2,9
5555555555,IDFC Bank,80479.0,UPI-AISHWARYA MINI MART-Q09390218@YBL-YESB0YBLUPI-120009291644-PAYMENT FROM PHONE,2025-07-09,2,DEBIT,CARD_PAYMENT,105020.0,7,2025,2,9
5555555555,IDFC Bank,80994.0,"NEFT DR-IDIB000S176-PRATEEK PATNAIK-NETBANK, MUM-N339201328608485-LOAN CLOSURE",2025-07-09,1,CREDIT,CASH,24541.0,7,2025,2,9
5555555555,IDFC Bank,80925.0,UPI-DUNZO-DUNZO.PAYU@AXISBANK-UTIB0000000-108385554342-PAYMENT FROM PHONE,2025-07-09,2,DEBIT,FT,109744.0,7,2025,2,9
5555555555,IDFC Bank,80714.0,UPI-XXXXXX4811-IDIB0000001-101911439713-PAYMENT FROM PHONE,2025-07-09,1,CREDIT,CARD_PAYMENT,28819.0,7,2025,2,9
5555555555,IDFC Bank,80393.0,UPI-SWIGGY-SWIGGY8@YBL-YESB0YBLUPI-101783205806-PAYMENT FROM PHONE,2025-07-09,1,CREDIT,CARD_PAYMENT,29070.0,7,2025,2,9
5555555555,IDFC Bank,80463.0,UPI-LAZYPAY-LAZYPAY@AXISBANK-UTIB0000000-010716764929-LAZY PAY REPAYMENT,2025-07-09,2,DEBIT,CASH,109533.0,7,2025,2,9
5555555555,IDFC Bank,80267.0,UPI-SWIGGY-SWIGGY8@YBL-YESB0YBLUPI-101783205806-PAYMENT FROM PHONE,2025-07-09,2,DEBIT,CARD_PAYMENT,109463.0,7,2025,2,9
5555555555,IDFC Bank,80134.0,UPI-DIVYA DAS-DIVYADAS91@OKHDFCBANK-HDFC0002777-016519304334-UPI,2025-07-09,1,CREDIT,CARD_PAYMENT,29196.0,7,2025,2,9
5555555555,IDFC Bank,80930.0,UPI-NIRMALA-BHARATPE.9051441401@FBPE-FDRL0001382-101632969524-PAYMENT FROM PHONE,2025-07-09,2,DEBIT,CARD_PAYMENT,109330.0,7,2025,2,9
5555555555,IDFC Bank,80643.0,"NEFT DR-IDIB000S176-PRATEEK PATNAIK-NETBANK, MUM-N276201262219272-EMI",2025-07-09,1,CREDIT,FT,28400.0,7,2025,2,9
5555555555,IDFC Bank,80456.0,UPI-G V MANJUNATHA-9945481125@YBL-HDFC0000714-025740040637-R806,2025-07-09,2,DEBIT,CARD_PAYMENT,109043.0,7,2025,2,9
5555555555,IDFC Bank,80075.0,UPI-FX MART PRIVATE LIMI-FXM@YBL-YESB0YBLUPI-010666437303-WALLET TOPUP,2025-07-09,1,CREDIT,CASH,28587.0,7,2025,2,9
5555555555,Union Bank,80963.0,50400204367581- RD INSTALLMENT-NOV 2020,2025-07-09,1,CREDIT,CARD_PAYMENT,-73863.0,7,2025,2,9
5555555555,Union Bank,80476.0,UPI-GET SIMPL TECHNOLOGI-GETSIMPL.RAZORPAY@HDFCBANK-HDFC0000053-009511896593-SIMPL REPAYMENT TO,2025-07-09,2,DEBIT,CARD_PAYMENT,6613.0,7,2025,2,9
5555555555,Union Bank,80514.0,UPI-OLA-OLAONLINE@YBL-YESB0YBLUPI-126041436693-PAYMENT FOR C9725A,2025-07-09,2,DEBIT,CARD_PAYMENT,7100.0,7,2025,2,9
5555555555,Union Bank,80050.0,UPI-XXXXXX6863-SBIN0040403-009512193461-PAYMENT FROM PHONE,2025-07-09,1,CREDIT,CASH,-73414.0,7,2025,2,9
5555555555,Union Bank,80711.0,UPI-AIRTEL HDFC UPI MAST-AIRTELIN.RZP@AXISBANK-UTIB0001507-105543920647-PAYMENT FROM PHONE,2025-07-09,1,CREDIT,CARD_PAYMENT,-73924.0,7,2025,2,9
5555555555,Union Bank,80560.0,UPI-SONYLIV-SONYLIV.RZP@AXISBANK-UTIB0001507-121615436535- SONY PICTURES NET,2025-07-09,2,DEBIT,CARD_PAYMENT,6636.0,7,2025,2,9
5555555555,Union Bank,80493.0,UPI-GET SIMPL TECHNOLOGI-GETSIMPL.RAZORPAY@HDFCBANK-HDFC0000053-009511896593-SIMPL REPAYMENT TO,2025-07-09,2,DEBIT,FT,6787.0,7,2025,2,9
5555555555,Union Bank,80782.0,UPI-CREDCLUB-CREDCLUB@ICICI-ICIC0000001-036217802839-CREDIT CARD BILL P,2025-07-09,1,CREDIT,OTHERS,-73706.0,7,2025,2,9
5555555555,Union Bank,80417.0,UPI-SYED YOUSUF-9113296096@YBL-KKBK0008058-015252177333-PAYMENT FROM PHONE,2025-07-09,2,DEBIT,CARD_PAYMENT,7076.0,7,2025,2,9
5555555555,Union Bank,80978.0,UPI-UBER INDIA SYSTEMS P-UBERRIDES@HDFCBANK-HDFC0000499-108051658151-PAYMENT FROM PHONE,2025-07-09,1,CREDIT,CARD_PAYMENT,-73341.0,7,2025,2,9
5555555555,Union Bank,80927.0,UPI-BHARATPE MERCHANT-BHARATPE90718510059@YESBANKLTD-YESB0000004-017244208980-VERIFIED MERCHANT,2025-06-27,1,CREDIT,FT,27920.0,6,2025,4,27
5555555555,Union Bank,80207.0,UPI-CREDCLUB-CREDCLUB@ICICI-ICIC0000001-030519746862-CREDIT CARD BILL P,2025-06-27,2,DEBIT,OTHERS,108127.0,6,2025,4,27
5555555555,Union Bank,80027.0,UPI-UBER INDIA SYSTEMS P-UBERRIDES@HDFCBANK-HDFC0000499-105117853141-CHARGE,2025-05-27,1,CREDIT,CASH,27869.0,5,2025,1,27
5555555555,Union Bank,80978.0,UPI-HARDIK  AGRAWAL-HARDIK0406AGRAWAL@OKSBI-SBIN0030261-028317839465-SAVINGS,2025-05-27,2,DEBIT,ATM,108847.0,5,2025,1,27
5555555555,Union Bank,80051.0,UPI-DREAMPLUG TECHNOLOGI-CRED@AXISB-UTIB0000114-019923935948-CREDIT CARD BILL P,2025-07-09,2,DEBIT,FT,9914.0,7,2025,2,9
5555555555,Union Bank,80961.0,UPI-XXXXXX9746-HDFC0000001-028779399607-PAYMENT FROM PHONE,2025-07-09,1,CREDIT,FT,-70137.0,7,2025,2,9
5555555555,Union Bank,80786.0,UPI-SANJAY AGRAWAL-SANJAY30AGRAWAL@OKICICI-ICIC0000274-032522377475-TEST,2025-07-09,2,DEBIT,OTHERS,10824.0,7,2025,2,9
5555555555,Union Bank,80267.0,.IMPS P2P 029015173519#16/10/2020 161020-MIR2030035732768,2025-07-09,1,CREDIT,FT,-69962.0,7,2025,2,9
5555555555,Union Bank,80099.0,UPI-SRI GANESH FRUIT JUI-PAYTMQR2810050501013Q7XKZT6R7PB@PAYTM-PYTM0123456-108157562234-PAYMENT FROM PHONE,2025-07-09,2,DEBIT,CARD_PAYMENT,10305.0,7,2025,2,9
5555555555,Union Bank,80550.0,UPI-PRATEEK PATNAIK-9686165933@YBL-HDFC0000523-106183952786-PAYMENT FROM PHONE,2025-07-09,1,CREDIT,FT,-69794.0,7,2025,2,9
5555555555,Union Bank,80827.0,UPI-AIRTEL HDFC UPI MAST-AIRTELIN.RZP@AXISBANK-UTIB0001507-104625743564-PAYMENT FROM PHONE,2025-07-09,2,DEBIT,CASH,10756.0,7,2025,2,9
5555555555,Union Bank,80519.0,UPI-PRATEEK PATNAIK-9686165933@YBL-HDFC0000523-033909369796-PAYMENT FROM PHONE,2025-07-09,1,CREDIT,CARD_PAYMENT,-70071.0,7,2025,2,9
5555555555,Union Bank,80690.0,UPI-PHONEPE-PHONEPEUPITOPUP@YBL-YESB0YBLUPI-030878345040-WALLET TOPUP,2025-07-09,2,DEBIT,ATM,10448.0,7,2025,2,9
5555555555,Union Bank,80638.0,UPI-CREDCLUB-CREDCLUB@ICICI-ICIC0000001-033624490024-PAYMENT FROM PHONE,2025-07-09,1,CREDIT,CARD_PAYMENT,-70242.0,7,2025,2,9
5555555555,Union Bank,80445.0,UPI-ANUJ MITTAL-ANUJMITTAL0801@OKHDFCBANK-HDFC0004460-003213587079-UPI,2025-06-27,2,DEBIT,CARD_PAYMENT,107803.0,6,2025,4,27
5555555555,Union Bank,80905.0,UPI-HDFC BANK LTD FASTAG-NETC.KA01ML2012@HDFCBANK-HDFC0009956-015414647453-PAYMENT FROM PHONE,2025-06-27,1,CREDIT,CASH,27358.0,6,2025,4,27
5555555555,Union Bank,80113.0,UPI-ANUJ MITTAL-ANUJMITTAL0801@OKHDFCBANK-HDFC0004460-003213587079-UPI,2025-05-27,2,DEBIT,CASH,108263.0,5,2025,1,27
5555555555,Union Bank,80298.0,UPI-PARASHIVAMURTHY K S-9206954818@YBL-SYNB0001562-014438416783-PAYMENT FROM PHONE,2025-05-27,1,CREDIT,CASH,28150.0,5,2025,1,27
5555555555,HDFC Bank,80677.0,UPI-DREAMPLUG TECHNOLOGI-CRED@AXISB-UTIB0000114-009400589368-CREDIT CARD BILL P,2025-07-09,2,DEBIT,FT,1568.0,7,2025,2,9
5555555555,HDFC Bank,80085.0,UPI-SHEETAL RAVINDRA DA-SHEETAL.DAMBAL@OKSBI-SBIN0010411-109209224698-SUFYAN,2025-07-09,1,CREDIT,CARD_PAYMENT,-79109.0,7,2025,2,9
5555555555,HDFC Bank,80267.0,UPI-RAVISHANKAR-Q78015288@YBL-YESB0YBLUPI-123535728297-PAYMENT FROM PHONE,2025-07-09,1,CREDIT,OTHERS,-79180.0,7,2025,2,9
5555555555,HDFC Bank,80156.0,UPI-HARDIK  AGRAWAL-9971488189.NIYO@IDFCBANK-IDFB0040101-031108651605-UPI,2025-07-09,2,DEBIT,OTHERS,976.0,7,2025,2,9
5555555555,HDFC Bank,80565.0,UPI-UBER INDIA SYSTEMS P-UBERRIDES@HDFCBANK-HDFC0000499-105117853141-CHARGE,2025-07-09,2,DEBIT,OTHERS,1087.0,7,2025,2,9
5555555555,HDFC Bank,80016.0,UPI-ABDESH KUMAR YADAV-PAYTMQR28100505010117UM15XIYV9E@PAYTM-PYTM0123456-120209292799-PAYMENT FROM PHONE,2025-07-09,1,CREDIT,CASH,-79478.0,7,2025,2,9
5555555555,HDFC Bank,80287.0,UPI-TREND AUTOMOBILES-105302393@CNRB-CNRB0001074-035222057565-PAYMENT FROM PHONE,2025-07-09,1,CREDIT,CASH,-80230.0,7,2025,2,9
5555555555,HDFC Bank,80768.0,CREDIT INTEREST CAPITALISED,2025-07-09,2,DEBIT,OTHERS,538.0,7,2025,2,9
5555555555,HDFC Bank,80083.0,UPI-MAHESH S-Q60573690@YBL-KKBK0008043-104558209248-PAYMENT FROM PHONE,2025-07-09,2,DEBIT,ATM,57.0,7,2025,2,9
5555555555,HDFC Bank,80984.0,UPI-SWIGGY-SWIGGY8@YBL-YESB0YBLUPI-101057836776-PAYMENT FROM PHONE,2025-07-09,1,CREDIT,CASH,-80026.0,7,2025,2,9
5555555555,HDFC Bank,80741.0,IMPS-018422244664-ADITYA BIRLA SUN LIF-HDFC-XXXXXXXX3578-RD3192534-1038644104,2025-07-07,2,DEBIT,CASH,5494.0,7,2025,0,7
5555555555,HDFC Bank,80994.0,50200015847022SALAUG 20 108621,2025-07-07,1,CREDIT,CARD_PAYMENT,-75247.0,7,2025,0,7
5555555555,HDFC Bank,80978.0,UPI-PARSURAMPURAM SRINIV-6370242870@YBL-ORBC0101157-031627719147-PAYMENT FROM PHONE,2025-07-07,2,DEBIT,CARD_PAYMENT,5747.0,7,2025,0,7
5555555555,HDFC Bank,80326.0,UPI-CRED-CRED@AXISB-UTIB0000114-103219881988-CREDIT CARD BILL P,2025-07-07,1,CREDIT,CASH,-75231.0,7,2025,0,7
5555555555,HDFC Bank,80769.0,UPI-DREAMPLUG TECHNOLOGI-CRED@AXISB-UTIB0000114-023113790606-CREDIT CARD BILL P,2025-07-07,1,CREDIT,CASH,-75437.0,7,2025,0,7
5555555555,HDFC Bank,80532.0,UPI-PINTU GUPTA-PAYTMQR281005050101LK22YFGX0QRX@PAYTM-PYTM0123456-127404613871-PAYMENT FROM PHONE,2025-07-07,2,DEBIT,CARD_PAYMENT,5095.0,7,2025,0,7
5555555555,HDFC Bank,80278.0,NWD-438624XXXXXX3427-08887405-BANGALORE MET,2025-07-07,1,CREDIT,FT,-75138.0,7,2025,0,7
5555555555,HDFC Bank,80470.0,UPI-EURONETGPAY-EURONETGPAY.PAY@ICICI-ICIC0000001-035512416953-UPI,2025-07-07,2,DEBIT,ATM,5332.0,7,2025,0,7
5555555555,HDFC Bank,80806.0,CREDIT INTEREST CAPITALISED,2025-07-07,1,CREDIT,FT,-75648.0,7,2025,0,7
5555555555,HDFC Bank,80788.0,UPI-MD JAHANGIR-BHARATPE09892849123@YESBANKLTD-YESB0000105-102038302659-PAYMENT FROM PHONE,2025-07-07,2,DEBIT,CARD_PAYMENT,5140.0,7,2025,0,7
5555555555,HDFC Bank,80805.0,ACH C- TCS1STINTDIV310720-C2003055611208,2025-07-09,2,DEBIT,ATM,3481.0,7,2025,2,9
5555555555,HDFC Bank,80559.0,UPI-AISHWARYA MINI MART-Q36365093@YBL-YESB0YBLUPI-104642349580-PAYMENT FROM PHONE,2025-07-09,1,CREDIT,OTHERS,-77324.0,7,2025,2,9
5555555555,HDFC Bank,80050.0,UPI-DUNZO DIGITAL PRIVAT-DUNZO1.PAYU@INDUS-INDB0002201-104767620300-PAYMENT FROM PHONE,2025-07-09,1,CREDIT,CARD_PAYMENT,-77614.0,7,2025,2,9
5555555555,HDFC Bank,80849.0,UPI-PHONEPE-BILLDESKPP@YBL-YESB0YBLUPI-022533819900-PAYMENT FOR CATEGO,2025-07-09,2,DEBIT,FT,3235.0,7,2025,2,9
5555555555,HDFC Bank,80037.0,UPI-SAFE GOLD-SAFEGOLD@YBL-YESB0YBLUPI-016220690358-PAYMENT FOR CATEGO,2025-07-09,1,CREDIT,CARD_PAYMENT,-77873.0,7,2025,2,9
5555555555,HDFC Bank,80309.0,UPI-SANJAY AGRAWAL-SANJAY30AGRAWAL@OKICICI-ICIC0000274-100922596493-TRANSFER,2025-07-09,2,DEBIT,CARD_PAYMENT,2436.0,7,2025,2,9
5555555555,HDFC Bank,80941.0,UPI-DIVYA DAS-DIVYADAS91@OKHDFCBANK-HDFC0002777-016519304334-UPI,2025-07-09,2,DEBIT,OTHERS,2164.0,7,2025,2,9
5555555555,HDFC Bank,80824.0,UPI-SUDHANVA MADHURAO RA-7760615177@YBL-HDFC0000877-019884154921-PAYMENT FROM PHONE,2025-07-09,1,CREDIT,CARD_PAYMENT,-78777.0,7,2025,2,9
5555555555,HDFC Bank,80632.0,UPI-OLA-OLAONLINE@YBL-YESB0YBLUPI-105086855192-PAYMENT FROM PHONE,2025-07-09,1,CREDIT,CARD_PAYMENT,-78244.0,7,2025,2,9
5555555555,HDFC Bank,80291.0,UPI-SWIGGY-SWIGGY8@YBL-YESB0YBLUPI-104139133337-PAYMENT FROM PHONE,2025-07-09,2,DEBIT,CARD_PAYMENT,2047.0,7,2025,2,9
5555555555,HDFC Bank,80544.0,UPI-DREAMPLUG TECHNOLOGI-CRED@AXISB-UTIB0000114-012016383521-CREDIT CARD BILL P,2025-07-07,1,CREDIT,CARD_PAYMENT,-70171.0,7,2025,0,7
5555555555,HDFC Bank,80135.0,UPI-MR PRATEEK PATNAIK-PATNAIK.PRATEEK@YBL-IDIB000S176-033939878475-PAYMENT FROM PHONE,2025-07-07,2,DEBIT,ATM,9964.0,7,2025,0,7
5555555555,HDFC Bank,80652.0,UPI-SUMAN  SWAROOP-SUMANSWAR12@OKSBI-SBIN0006652-006006641672-PETROL,2025-07-07,1,CREDIT,CARD_PAYMENT,-70566.0,7,2025,0,7
5555555555,HDFC Bank,80939.0,UPI-DREAMPLUG TECHNOLOGI-CRED@AXISB-UTIB0000114-009400741981-CREDIT CARD BILL P,2025-07-07,2,DEBIT,CASH,10373.0,7,2025,0,7
5555555555,HDFC Bank,80657.0,UPI-GIRRAJ MEDICAL STORE-PAYTMQR28100505010111A10BLF7BGA@PAYTM-PYTM0123456-033319425613-UPI,2025-07-07,2,DEBIT,CARD_PAYMENT,10086.0,7,2025,0,7
5555555555,HDFC Bank,80772.0,UPI-SPORTA TECHNOLOGIES -FANCODE.PAYU@INDUS-INDB0002201-036509119466-UPI TRANSACTION,2025-07-07,1,CREDIT,CASH,-70571.0,7,2025,0,7
5555555555,HDFC Bank,80134.0,UPI-SHANTI MANTRI-9652458674@YBL-SBIN0020380-101654249219-PAYMENT FROM PHONE,2025-07-07,2,DEBIT,CASH,10201.0,7,2025,0,7
5555555555,HDFC Bank,80260.0,UPI-HARDIK  AGRAWAL-HARDIK0406AGRAWAL@OKSBI-SBIN0030261-028317839465-SAVINGS,2025-07-07,1,CREDIT,FT,-69933.0,7,2025,0,7
5555555555,HDFC Bank,80776.0,UPI-FX MART PRIVATE LIMI-FXM@YBL-YESB0YBLUPI-010720599609-WALLET TOPUP,2025-07-07,2,DEBIT,CARD_PAYMENT,10327.0,7,2025,0,7
5555555555,HDFC Bank,80163.0,UPI-RAMA SUDHAKAR PATNAI-9414077884@YBL-SBIN0020702-104321119119-PAYMENT FROM PHONE,2025-07-07,1,CREDIT,ATM,-70449.0,7,2025,0,7
5555555555,IDFC Bank,80273.0,UPI-CRED-CRED@AXISB-UTIB0000114-104817335968-CREDIT CARD BILL P,2025-07-09,1,CREDIT,FT,-72209.0,7,2025,2,9
5555555555,IDFC Bank,80430.0,UPI-GET SIMPL TECHNOLOGI-SIMPL@AXISBANK-UTIB0000100-035714694623-SIMPL,2025-07-09,2,DEBIT,ATM,8221.0,7,2025,2,9
5555555555,IDFC Bank,80063.0,UPI-PINTU GUPTA-PAYTMQR281005050101LK22YFGX0QRX@PAYTM-PYTM0123456-127404613871-PAYMENT FROM PHONE,2025-07-09,2,DEBIT,CARD_PAYMENT,8064.0,7,2025,2,9
5555555555,IDFC Bank,80422.0,UPI-SRI GANESH FRUIT JUI-PAYTMQR2810050501011EQANBWQ4ZSL@PAYTM-PYTM0123456-036043230287-PAYMENT FROM PHONE,2025-07-09,1,CREDIT,FT,-71999.0,7,2025,2,9
5555555555,IDFC Bank,80203.0,UPI-PARSURAMPURAM SRINIV-6370242870@YBL-ORBC0101157-021633611931-PAYMENT FROM PHONE,2025-07-09,1,CREDIT,OTHERS,-72331.0,7,2025,2,9
5555555555,IDFC Bank,80754.0,IMPS-104311102929-SANDIP PATIL-CNRB-XXXXXXXXX7346-RENT,2025-07-09,2,DEBIT,CASH,8423.0,7,2025,2,9
5555555555,IDFC Bank,80304.0,CREDIT INTEREST CAPITALISED,2025-07-09,1,CREDIT,CASH,-72762.0,7,2025,2,9
5555555555,IDFC Bank,80634.0,UPI-FX MART PRIVATE LIMI-FXM@YBL-YESB0YBLUPI-010730656553-WALLET TOPUP,2025-07-09,2,DEBIT,CARD_PAYMENT,7872.0,7,2025,2,9
5555555555,IDFC Bank,80952.0,UPI-DENTIS ZONE MULTISPE-DENTISZONEMULTISPECI.28121798@HDFCBANK-HDFC0000001-106056416346-PAYMENT FROM PHONE,2025-07-09,2,DEBIT,CASH,7542.0,7,2025,2,9
5555555555,IDFC Bank,80880.0,UPI-PARSURAMPURAM SRINIV-PSS.PRASAD@YBL-PUNB0115710-104315466518-PAYMENT FROM PHONE,2025-07-09,1,CREDIT,FT,-73410.0,7,2025,2,9
5555555555,Union Bank,80295.0,UPI-OLA-OLAONLINE@YBL-YESB0YBLUPI-123674232023-PAYMENT FOR E54EEA,2025-07-09,2,DEBIT,CARD_PAYMENT,108514.0,7,2025,2,9
5555555555,Union Bank,80135.0,UPI-SAAPAAD-PAYTMQR28100505010117026OE8C6MV@PAYTM-PYTM0123456-021464993470-PAYMENT FROM PHONE,2025-07-09,1,CREDIT,CASH,28219.0,7,2025,2,9
5555555555,Union Bank,80796.0,UPI-SANGEETHA M-SANGEETHA28.SM@OKSBI-VIJB0001394-022418310954-UPI,2025-07-09,2,DEBIT,CASH,108354.0,7,2025,2,9
5555555555,Union Bank,80015.0,.IMPS P2P 029117302320#17/10/2020 181020-MIR2030136992354,2025-07-09,1,CREDIT,CARD_PAYMENT,27558.0,7,2025,2,9
5555555555,Union Bank,80205.0,UPI-ANKUR DHIR-ANKURDHIR111@OKHDFCBANK-HDFC0001266-030110973590-UPI,2025-07-09,1,CREDIT,ATM,26638.0,7,2025,2,9
5555555555,Union Bank,80935.0,20201222147613830340/PAYTMPAYTMMONEYMUTUA,2025-07-09,2,DEBIT,OTHERS,107573.0,7,2025,2,9
5555555555,Union Bank,80549.0,UPI-NIRMALA-BHARATPE.9051441401@FBPE-FDRL0001382-101632969524-PAYMENT FROM PHONE,2025-07-09,2,DEBIT,CASH,106843.0,7,2025,2,9
5555555555,Union Bank,80212.0,UPI-RAMA SUDHAKAR PATNAI-9414077884@YBL-SBIN0020702-034066225154-PAYMENT FROM PHONE,2025-07-09,1,CREDIT,CARD_PAYMENT,26294.0,7,2025,2,9
5555555555,Union Bank,80372.0,UPI-UBER INDIA SYSTEMS P-UBERRIDES@HDFCBANK-HDFC0000499-105217478239-CHARGE,2025-07-09,1,CREDIT,FT,26004.0,7,2025,2,9
5555555555,Union Bank,80502.0,UPI-MD JAHANGIR-BHARATPE09892849123@YESBANKLTD-YESB0000105-102038302659-PAYMENT FROM PHONE,2025-07-09,2,DEBIT,OTHERS,106506.0,7,2025,2,9
5555555555,Union Bank,80331.0,50400204367581- RD INSTALLMENT-DEC 2020,2025-06-27,2,DEBIT,ATM,107340.0,6,2025,4,27
5555555555,Union Bank,80030.0,UPI-FX MART PRIVATE LIMI-FXM@YBL-YESB0YBLUPI-011456885597-WALLET TOPUP,2025-06-27,1,CREDIT,CARD_PAYMENT,27009.0,6,2025,4,27
5555555555,Union Bank,80339.0,UPI-DIVYA DAS-9686097437@YBL-HDFC0002777-012848830297-PAYMENT FROM PHONE,2025-05-27,1,CREDIT,ATM,26192.0,5,2025,1,27
5555555555,Union Bank,80847.0,UPI-RAJESH-PAYTMQR28100505010115KDL9E9P7TK@PAYTM-PYTM0123456-031624391996-PAYMENT FROM PHONE,2025-05-27,2,DEBIT,ATM,107039.0,5,2025,1,27
7777777777,ICICI Bank,75000.0,SALARY CREDIT - ACME CORP - JULY 2024,2024-07-05,1,CREDIT,NEFT,78210.0,7,2024,4,5
7777777777,ICICI Bank,12500.0,IMPS-BAJAJFIN-54987XXXXX-EMI PAYMENT JUNE DUES,2024-07-05,2,DEBIT,IMPS,65710.0,7,2024,4,5
7777777777,ICICI Bank,8530.0,NEFT DR-HDFCBANK-AUTOLOAN-N451241328608485-EMI,2024-07-05,6,INSTALLMENT,FT,57180.0,7,2024,4,5
7777777777,ICICI Bank,15000.0,UPI-CRED-CRED@AXISB-UTIB0000114-207051927514-CREDIT CARD BILL P,2024-07-06,2,DEBIT,CARD_PAYMENT,42180.0,7,2024,5,6
7777777777,ICICI Bank,450.0,UPI-SWIGGY-SWIGGY@YBL-YESB0YBLUPI-207064587845-FOOD ORDER,2024-07-06,2,DEBIT,OTHERS,41730.0,7,2024,5,6
7777777777,ICICI Bank,1250.0,UPI-GET SIMPL TECHNOLOGI-GETSIMPL.RAZORPAY@HDFCBANK-207081896593-SIMPL REPAYMENT,2024-07-08,2,DEBIT,CARD_PAYMENT,40480.0,7,2024,0,8
7777777777,ICICI Bank,280.0,UPI-UBER-UBERRIDES@HDFCBANK-HDFC0000499-207101658151-RIDE,2024-07-10,2,DEBIT,OTHERS,40200.0,7,2024,2,10
7777777777,ICICI Bank,2000.0,CASH WDL-S1A09876-ICICI BANK ATM-MUMBAI,2024-07-12,2,DEBIT,ATM,38200.0,7,2024,4,12
7777777777,ICICI Bank,1800.0,UPI-ROHAN SHARMA-ROHANSHARMA@OKAXIS-UTIB0000114-207152491647-Thanks bro,2024-07-15,1,CREDIT,FT,40000.0,7,2024,0,15
7777777777,ICICI Bank,177.0,QTRLY MIN BAL CHARGE JUN 2024,2024-07-18,8,OTHERS,CHARGES,39823.0,7,2024,3,18
7777777777,ICICI Bank,3200.0,UPI-BIGBASKET-BB@HDFC-HDFC0000053-207223205806-GROCERIES,2024-07-22,2,DEBIT,OTHERS,36623.0,7,2024,0,22
7777777777,ICICI Bank,75000.0,SALARY CREDIT - ACME CORP - JUNE 2024,2024-06-05,1,CREDIT,NEFT,75850.0,6,2024,2,5
7777777777,ICICI Bank,8530.0,NEFT DR-HDFCBANK-AUTOLOAN-N451241328608485-EMI,2024-06-05,6,INSTALLMENT,FT,67320.0,6,2024,2,5
7777777777,ICICI Bank,11000.0,UPI-CRED-CRED@AXISB-UTIB0000114-206061927514-CREDIT CARD BILL P,2024-06-06,2,DEBIT,CARD_PAYMENT,56320.0,6,2024,3,6
7777777777,ICICI Bank,550.0,UPI-ZOMATO-ZOMATO@YBL-YESB0YBLUPI-206074587845-FOOD,2024-06-07,2,DEBIT,OTHERS,55770.0,6,2024,4,7
7777777777,ICICI Bank,12000.0,IMPS-BAJAJFIN-54987XXXXX-LOAN PAYMENT,2024-06-09,6,INSTALLMENT,IMPS,43770.0,6,2024,6,9
7777777777,ICICI Bank,5000.0,UPI-PAYTM POSTPAID-PAYTM@YBL-PYTM0123456-20615849023-BILL PAYMENT,2024-06-15,2,DEBIT,CARD_PAYMENT,38770.0,6,2024,5,15
7777777777,ICICI Bank,350.0,UPI-OLA-OLACABS@ICICI-ICIC0000001-20620436693-RIDE,2024-06-20,2,DEBIT,OTHERS,38420.0,6,2024,3,20
7777777777,ICICI Bank,4800.0,UPI-AMAZON-AMAZONPAY@APL-APL00000001-206256435441-SHOPPING,2024-06-25,2,DEBIT,OTHERS,33620.0,6,2024,1,25
7777777777,HDFC Bank,8530.0,ACH D-ICIC0001234-AUTOLOAN-EMI DEBIT,2024-07-05,6,INSTALLMENT,ACH,1150.0,7,2024,4,5
7777777777,HDFC Bank,150.0,UPI-STARBUCKS-STARBUCKS@OKHDFC-HDFC0002777-207089304334-COFFEE,2024-07-08,2,DEBIT,OTHERS,1000.0,7,2024,0,8
7777777777,HDFC Bank,295.0,ACH RETURN CHGS-INSUFFICIENT FUNDS-REF N451241328608485,2024-06-06,8,OTHERS,CHARGES,850.0,6,2024,3,6
7777777777,HDFC Bank,8530.0,ACH D-ICIC0001234-AUTOLOAN-EMI DEBIT,2024-06-05,6,INSTALLMENT,ACH,1145.0,6,2024,2,5
7777777777,HDFC Bank,12.0,CREDIT INTEREST CAPITALISED FOR PERIOD 01-03-24 TO 31-05-24,2024-06-01,4,INTEREST,INTEREST,9645.0,6,2024,5,1
8888888888,HDFC Bank,120000.0,SALARY CREDIT - FINTECH INNOVATORS LTD - JULY 2024,2024-07-01,1,CREDIT,NEFT,265500.0,7,2024,0,1
8888888888,HDFC Bank,30000.0,IMPS-123456789-ANNA VARGHESE-JULY RENT,2024-07-01,2,DEBIT,FT,235500.0,7,2024,0,1
8888888888,HDFC Bank,10000.0,ACH D-KOTAKMF-SIP/20240705/KMF12345,2024-07-05,6,INSTALLMENT,ACH,225500.0,7,2024,4,5
8888888888,HDFC Bank,7500.0,ACH D-ADITYABIRLAMF-SIP/20240705/ABSL67890,2024-07-05,6,INSTALLMENT,ACH,218000.0,7,2024,4,5
8888888888,HDFC Bank,5000.0,BILLPAY-ICICIPRUMF-SIP PAYMENT-FOLIO SIPSAM3456,2024-07-07,6,INSTALLMENT,BILLPAY,213000.0,7,2024,6,7
8888888888,HDFC Bank,4000.0,BILLPAY-HDFCMF-SIP PAYMENT-FOLIO SIPSAM4567,2024-07-08,6,INSTALLMENT,BILLPAY,209000.0,7,2024,0,8
8888888888,HDFC Bank,1200.0,UPI-BBNL-BBNL@HDFC-HDFC0000053-INTERNET BILL,2024-07-10,2,DEBIT,OTHERS,207800.0,7,2024,2,10
8888888888,HDFC Bank,45650.0,PAYMENT TO AMEX CREDIT CARD XXXXXXXX1005,2024-07-15,2,DEBIT,CARD_PAYMENT,162150.0,7,2024,0,15
8888888888,HDFC Bank,750.0,UPI-NETFLIX-NFLX@ICICI-ICIC0000001-MONTHLY SUBSCRIPTION,2024-07-18,2,DEBIT,OTHERS,161400.0,7,2024,3,18
8888888888,HDFC Bank,3500.0,UPI-AMAZON-AMAZONPAY@APL-APL00000001-207256435441-SHOPPING,2024-07-25,2,DEBIT,OTHERS,157900.0,7,2024,3,25
8888888888,HDFC Bank,120000.0,SALARY CREDIT - FINTECH INNOVATORS LTD - JUNE 2024,2024-06-01,1,CREDIT,NEFT,248200.0,6,2024,5,1
8888888888,HDFC Bank,30000.0,IMPS-123456789-ANNA VARGHESE-JUNE RENT,2024-06-01,2,DEBIT,FT,218200.0,6,2024,5,1
8888888888,HDFC Bank,10000.0,ACH D-KOTAKMF-SIP/20240605/KMF12345,2024-06-05,6,INSTALLMENT,ACH,208200.0,6,2024,2,5
8888888888,HDFC Bank,7500.0,ACH D-ADITYABIRLAMF-SIP/20240605/ABSL67890,2024-06-05,6,INSTALLMENT,ACH,200700.0,6,2024,2,5
8888888888,HDFC Bank,5000.0,BILLPAY-ICICIPRUMF-SIP PAYMENT-FOLIO SIPSAM3456,2024-06-07,6,INSTALLMENT,BILLPAY,195700.0,6,2024,4,7
8888888888,HDFC Bank,4000.0,BILLPAY-HDFCMF-SIP PAYMENT-FOLIO SIPSAM4567,2024-06-08,6,INSTALLMENT,BILLPAY,191700.0,6,2024,5,8
8888888888,HDFC Bank,41200.0,PAYMENT TO AMEX CREDIT CARD XXXXXXXX1005,2024-06-15,2,DEBIT,CARD_PAYMENT,150500.0,6,2024,5,15
8888888888,HDFC Bank,650.0,UPI-ZOMATO-ZOMATO@YBL-YESB0YBLUPI-206204587845-FOOD,2024-06-20,2,DEBIT,OTHERS,149850.0,6,2024,3,20
8888888888,HDFC Bank,2500.0,UPI-DECATHLON-DECA@HDFC-HDFC0000053-SPORTS GEAR,2024-06-28,2,DEBIT,OTHERS,147350.0,6,2024,4,28
8888888888,HDFC Bank,450.0,CREDIT INTEREST CAPITALISED FOR Q1,2024-06-30,4,INTEREST,INTEREST,147800.0,6,2024,6,30
9999999999,State Bank of India,145000.0,SALARY CREDIT - MINISTRY OF FINANCE - JULY 2024,2024-07-01,1,CREDIT,NEFT,385000.0,7,2024,0,1
9999999999,State Bank of India,10000.0,NEFT DR-ICIC0003344-TRANSFER FOR RD,2024-07-02,2,DEBIT,FT,375000.0,7,2024,1,2
9999999999,State Bank of India,25000.0,LUMPSUM INV-NIPPON INDIA CORP BOND-FOLIO 2002011001,2024-07-05,2,DEBIT,FT,350000.0,7,2024,4,5
9999999999,State Bank of India,28500.0,SBI CREDIT CARD-BILL PAYMENT-XXXXXXXX5511,2024-07-10,2,DEBIT,CARD_PAYMENT,321500.0,7,2024,2,10
9999999999,State Bank of India,8750.0,QUARTERLY INTEREST CREDIT ON FD A/C XXXXXX1122,2024-07-15,4,INTEREST,INTEREST,330250.0,7,2024,0,15
9999999999,State Bank of India,4500.0,UPI-RELIANCE FRESH-RELIANCE@SBI-SBIN0000001-GROCERIES,2024-07-20,2,DEBIT,OTHERS,325750.0,7,2024,5,20
9999999999,State Bank of India,15000.0,IMPS-ZERODHA-FUNDS FOR GOLD ETF PURCHASE,2024-07-22,2,DEBIT,IMPS,310750.0,7,2024,0,22
9999999999,State Bank of India,145000.0,SALARY CREDIT - MINISTRY OF FINANCE - JUNE 2024,2024-06-01,1,CREDIT,NEFT,262000.0,6,2024,5,1
9999999999,State Bank of India,10000.0,NEFT DR-ICIC0003344-TRANSFER FOR RD,2024-06-02,2,DEBIT,FT,252000.0,6,2024,6,2
9999999999,State Bank of India,30000.0,LUMPSUM INV-AXIS TREASURY ADV FUND-FOLIO 2002011001,2024-06-07,2,DEBIT,FT,222000.0,6,2024,4,7
9999999999,State Bank of India,24800.0,SBI CREDIT CARD-BILL PAYMENT-XXXXXXXX5511,2024-06-10,2,DEBIT,CARD_PAYMENT,197200.0,6,2024,0,10
9999999999,State Bank of India,2200.0,BILLPAY-TATA POWER-ELECTRICITY BILL,2024-06-18,2,DEBIT,BILLPAY,195000.0,6,2024,1,18
9999999999,State Bank of India,1800.0,UPI-INDIAN OIL-IOCLPETROL@SBI-SBIN0000001-FUEL,2024-06-25,2,DEBIT,OTHERS,193200.0,6,2024,1,25
9999999999,State Bank of India,650.0,CREDIT INTEREST CAPITALISED,2024-06-30,4,INTEREST,INTEREST,193850.0,6,2024,6,30
9999999999,ICICI Bank,10000.0,NEFT CR-SBIN0000556-FUNDS FROM SBI,2024-07-02,1,CREDIT,FT,12500.0,7,2024,1,2
9999999999,ICICI Bank,10000.0,AUTO DEBIT - RD INSTALLMENT A/C XXXXXX3344,2024-07-03,6,INSTALLMENT,ACH,2500.0,7,2024,2,3
9999999999,ICICI Bank,10000.0,NEFT CR-SBIN0000556-FUNDS FROM SBI,2024-06-02,1,CREDIT,FT,11800.0,6,2024,6,2
9999999999,ICICI Bank,10000.0,AUTO DEBIT - RD INSTALLMENT A/C XXXXXX3344,2024-06-03,6,INSTALLMENT,ACH,1800.0,6,2024,0,3
